	↑ Click "File" > "Download As" to download				Getting started with Japanese Counters:		https://www.tofugu.com/japanese/japanese-counters-guide/										
Kanji	Reading	What it counts  (general category)	Category	Use	1	2	3	4	5	6	7	8	9	10	"How Many"	Article URL	まみ先生 Notes
〜つ	〜つ	Anything	Absolutely Must Know	Daily	ひとつ	ふたつ	みっつ	よっつ	いつつ	むっつ	ななつ	やっつ	ここのつ	とお	いくつ	https://www.tofugu.com/japanese/japanese-counter-tsu/	
個	こ	Anything with a distinct shape	Absolutely Must Know	Daily	いっこ	にこ	さんこ	よんこ	ごこ	ろっこ	ななこ (しちこ)	はちこ はっこ	きゅうこ	じゅっこ (じっこ)	なんこ	https://www.tofugu.com/japanese/japanese-counter-ko/	
本	ほん	Long, cylindrical things	Must Know	Daily	いっぽん	にほん	さんぼん	よんほん	ごほん	ろっぽん	ななほん (しちほん)	はっぽん はちほん	きゅうほん	じゅっぽん (じっぽん)	なんぼん (なんほん) (なんぽん)	https://www.tofugu.com/japanese/japanese-counter-hon/	七本鎗 しちほんやり, 七本松通 しちほんまつどおり, 七本木 しちほんぎ  This NHK site actually says 四本 can be read as しほん too, but I think this is very rare. https://www.mbs.jp/announcer/blog/14/201207.shtml
枚	まい	Flat things	Must Know	Daily	いちまい	にまい	さんまい	よんまい (よまい)	ごまい	ろくまい	ななまい (しちまい)	はちまい	きゅうまい	じゅうまい	なんまい	https://www.tofugu.com/japanese/japanese-counter-mai/	九枚笹 can be read as くまいざさ, but it's an irregular reading.
匹	ひき	Animals, bugs, fish, monsters that don't like humans	Must Know	Daily	いっぴき	にひき	さんびき	よんひき	ごひき	ろっぴき	ななひき (しちひき)	はっぴき はちひき	きゅうひき	じゅっぴき (じっぴき)	なんびき	https://www.tofugu.com/japanese/japanese-counter-hiki/	
頭	とう	Large animals, farm animals	Must Know	Daily	いっとう	にとう	さんとう	よんとう	ごとう	ろくとう	ななとう (しちとう)	はっとう はちとう	きゅうとう	じゅっとう (じっとう)	なんとう	https://www.tofugu.com/japanese/japanese-counter-tou/	七頭 (しちとう) could have a specific meaning: https://dictionary.goo.ne.jp/jn/97927/meaning/m0u/
羽	わ	Birds, rabbits	Must Know	Daily	いちわ	にわ	さんわ さんば	よんわ よんば (よわ)	ごわ	ろくわ (ろっぱ)	ななわ (しちわ)	はちわ (はっぱ)	きゅうわ	じゅうわ じゅっぱ (じっぱ)	なんわ なんば		
冊	さつ	Books	Must Know	Daily	いっさつ	にさつ	さんさつ	よんさつ	ごさつ	ろくさつ	ななさつ (しちさつ)	はっさつ はちさつ	きゅうさつ	じゅっさつ (じっさつ)	なんさつ		
台	だい	Platforms, machines, vehicles	Must Know	Daily	いちだい	にだい	さんだい	よんだい	ごだい	ろくだい	ななだい (しちだい)	はちだい	きゅうだい	じゅうだい	なんだい	https://www.tofugu.com/japanese/japanese-counter-dai/	
分	ふん	Minutes	Must Know	Daily	いっぷん	にふん	さんぷん さんふん	よんぷん よんふん	ごふん	ろっぷん	ななふん (しちふん)	はっぷん はちふん	きゅうふん	じゅっぷん (じっぷん)	なんぷん なんふん		
年	ねん	Years	Must Know	Daily	いちねん	にねん	さんねん	よねん	ごねん	ろくねん	ななねん (しちねん)	はちねん	きゅうねん (くねん)	じゅうねん	なんねん		
回	かい	The number of times something happens, revolutions	Must Know	Daily	いっかい	にかい	さんかい	よんかい	ごかい	ろっかい	ななかい (しちかい)	はっかい はちかい	きゅうかい	じゅっかい (じっかい)	なんかい		
日	か/にち	Days	Must Know	Daily	いちにち	ふつか	みっか	よっか	いつか	むいか	なのか	ようか	ここのか	とおか	なんにち		
日	か/にち	Calendar days	Must Know	Daily	ついたち (いっぴ)	ふつか	みっか	よっか	いつか	むいか	なのか	ようか	ここのか	とおか	なんにち		
人	り/にん	People	Must Know	Daily	ひとり	ふたり	さんにん	よにん	ごにん	ろくにん	しちにん ななにん	はちにん	くにん きゅうにん	じゅうにん	なんにん		
月	つき	Months	Must Know	Daily	ひとつき	ふたつき	みつき	よつき	いつつき	むつき	ななつき	やつき	ここのつき	とつき	なんつき		
月	がつ	Calendar months	Must Know	Daily	いちがつ	にがつ	さんがつ	しがつ	ごがつ	ろくがつ	しちがつ (なながつ)	はちがつ	くがつ	じゅうがつ	なんがつ		
時	じ	Time, in hours (o'clock)	Must Know	Daily	いちじ	にじ	さんじ	よじ	ごじ	ろくじ	しちじ (ななじ)	はちじ	くじ	じゅうじ	なんじ		
時間	じかん	Hours	Must Know	Daily	いちじかん	にじかん	さんじかん	よじかん	ごじかん	ろくじかん	しちじかん ななじかん	はちじかん	くじかん	じゅうじかん	なんじかん		
階	かい	Floors of a building	Must Know	Daily	いっかい	にかい	さんかい さんがい	よんかい	ごかい	ろっかい	ななかい (しちかい)	はっかい はちかい	きゅうかい	じゅっかい (じっかい)	なんかい なんがい		七階草 can be read as しちかいそう, but it's an irregular reading.
歳	さい	Age (in years)	Must Know	Daily	いっさい	にさい	さんさい	よんさい	ごさい	ろくさい	ななさい (しちさい)	はっさい	きゅうさい	じゅっさい (じっさい)	なんさい		
円	えん	Amounts of Yen	Common	Daily	いちえん	にえん	さんえん	よえん (よんえん)	ごえん	ろくえん	ななえん (しちえん)	はちえん	きゅうえん (くえん)	じゅうえん	なんえん		
箇月	かげつ	Months	Common	Daily	いっかげつ	にかげつ	さんかげつ	よんかげつ	ごかげつ	ろっかげつ	ななかげつ (しちかげつ)	はっかげつ はちかげつ	きゅうかげつ	じゅっかげつ (じっかげつ)	なんかげつ		
箇国	かこく	Individual countries 	Common	Daily/Formal	いっかこく	にかこく	さんかこく	よんかこく	ごかこく	ろっかこく	ななかこく (しちかこく)	はっかこく はちかこく	きゅうかこく	じゅっかこく (じっかこく)	なんかこく		
箇所	かしょ	Places, spots	Common	Daily	いっかしょ	にかしょ	さんかしょ	よんかしょ	ごかしょ	ろっかしょ	ななかしょ (しちかしょ)	はちかしょ はっかしょ	きゅうかしょ	じゅっかしょ (じっかしょ)	なんかしょ		
缶	かん	Cans, tins	Common	Daily	ひとかん (いっかん)	ふたかん (にかん)	さんかん	よんかん	ごかん	ろっかん	ななかん (しちかん)	はっかん はちかん	きゅうかん	じゅっかん (じっかん)	なんかん		
巻	かん	Volumes of books	Common	Daily	いっかん	にかん	さんかん	よんかん	ごかん	ろっかん	ななかん (しちかん)	はっかん はちかん	きゅうかん	じゅっかん (じっかん)	なんかん		
曲	きょく	Songs, music	Common	Daily	いっきょく	にきょく	さんきょく	よんきょく	ごきょく	ろっきょく	ななきょく (しちきょく)	はっきょく はちきょく	きゅうきょく	じゅっきょく (じっきょく)	なんきょく		
切れ	きれ	Sliced pieces of fish, meat, cake, bread, cheese etc.	Common	Daily	ひときれ	ふたきれ	さんきれ (みきれ)	よんきれ	ごきれ	ろっきれ	ななきれ	はっきれ はちきれ	きゅうきれ	じゅっきれ (じっきれ)	なんきれ		Kun'yomi. I looked up しちきれ readings, but couldn't find them anywhere, so probably no しち here.
口	くち	Bites, sips	Common	Daily/Formal	ひとくち	ふたくち	さんくち (みくち)	よんくち	ごくち	ろっくち	ななくち	はっくち (はちくち)	きゅうくち	じゅっくち (じっくち)	なんくち		京の七口（ななくち／しちくち）  福島県福島市山口七口 (しちくち) Kun'yomi. I looked up しちくち readings, but couldn't find them anywhere other than the above specific ones, so probably we don't have to add them.
組	くみ	Couples, pairs, or groups of something	Common	Daily	ひとくみ	ふたくみ	さんくみ	よんくみ	ごくみ	ろっくみ	ななくみ (しちくみ)	はちくみ (はっくみ)	きゅうくみ	じゅっくみ	なんくみ		Kun'yomi, but there are some しちくみ usages.
組	くみ	Classroom numbers	Common	Daily	いちくみ	にくみ	さんくみ	よんくみ	ごくみ	ろっくみ	ななくみ (しちくみ)	はちくみ (はっくみ)	きゅうくみ	じゅっくみ (じっくみ)	なんくみ		Kun'yomi, but there are some しちくみ usages.
件	けん	Matters, cases	Common	Formal	いっけん	にけん	さんけん	よんけん	ごけん	ろっけん	ななけん (しちけん)	はっけん はちけん	きゅうけん	じゅっけん (じっけん)	なんけん		
軒	けん	Houses, tenements, shops, restaurants	Common	Daily	いっけん	にけん	さんけん	よんけん	ごけん	ろっけん	ななけん (しちけん)	はっけん はちけん	きゅうけん	じゅっけん (じっけん)	なんげん (なんけん)		
語	ご	Words	Common	Formal	いちご	にご	さんご	よんご	ごご	ろくご	ななご しちご	はちご	きゅうご	じゅうご	なんご		
校	こう	Schools	Common	Formal	いっこう	にこう	さんこう	よんこう	ごこう	ろっこう	ななこう (しちこう)	はっこう はちこう	きゅうこう	じゅっこう (じっこう)	なんこう		
皿	さら	Plates, dishes	Common	Daily	ひとさら	ふたさら	さんさら (みさら)	よんさら	ごさら	ろくさら	ななさら	はっさら はちさら	きゅうさら	じゅっさら (じっさら)	なんさら		Kun'yomi. I couldn't see any しちさら usage, so I'm not adding it.
試合	しあい	Games, matches	Common	Daily	いっしあい	にしあい	さんしあい	よんしあい	ごしあい	ろくしあい	ななしあい	はっしあい (はちしあい)	きゅうしあい	じゅっしあい (じっしあい)	なんしあい		This is On'yomi, and I think technically しちしあい isn't wrong, but it's a mouthful and I've never heard it. So, I'm not adding it.
品	しな/ひん	Dishes of food, specific dishes in a course, items on a menu	Common	Daily/Formal	ひとしな いっぴん	ふたしな にひん	さんしな (みしな) さんぴん	よんしな よんひん よんぴん	ごしな ごひん	ろくしな ろっぴん	ななしな ななひん (しちひん)	はっしな はちしな はっぴん (はちひん)	きゅうしな きゅうひん	じゅっしな (じっしな) じゅっぴん (じっぴん)	なんしな なんぴん (なんひん)		
社	しゃ	Companies, publishers	Common	Formal	いっしゃ	にしゃ	さんしゃ	よんしゃ	ごしゃ	ろくしゃ	ななしゃ (しちしゃ)	はっしゃ (はちしゃ)	きゅうしゃ	じゅっしゃ (じっしゃ)	なんしゃ		
種類	しゅるい	Kinds, varieties, types	Common	Daily	いっしゅるい	にしゅるい	さんしゅるい	よんしゅるい	ごしゅるい	ろくしゅるい	ななしゅるい (しちしゅるい)	はっしゅるい (はちしゅるい)	きゅうしゅるい	じゅっしゅるい (じっしゅるい)	なんしゅるい		
週	しゅう	Weeks	Common	Daily	いっしゅう	にしゅう	さんしゅう	よんしゅう	ごしゅう	ろくしゅう	ななしゅう (しちしゅう)	はっしゅう (はちしゅう)	きゅうしゅう	じゅっしゅう (じっしゅう)	なんしゅう		
周	しゅう	Numbers of times you go around something, circuits, rounds, laps	Common	Daily	いっしゅう	にしゅう	さんしゅう	よんしゅう	ごしゅう	ろくしゅう	ななしゅう (しちしゅう)	はっしゅう (はちしゅう)	きゅうしゅう	じゅっしゅう (じっしゅう)	なんしゅう		
色	しょく/いろ	Colors	Common	Daily	いっしょく	にしょく	さんしょく	よんしょく	ごしょく	ろくしょく	ななしょく (しちしょく) なないろ	はっしょく (はちしょく)	きゅうしょく	じゅっしょく (じっしょく)	なんしょく		
席	せき	Seats, parties, banquets, performances	Common	Daily/Formal	いっせき ひとせき	にせき ふたせき	さんせき	よんせき	ごせき	ろくせき	ななせき (しちせき)	はっせき はちせき	きゅうせき	じゅっせき (じっせき)	なんせき		
戦	せん	Battles, fights, matches	Common	Formal	いっせん	にせん	さんせん	よんせん	ごせん	ろくせん	ななせん (しちせん)	はっせん (はちせん)	きゅうせん	じゅっせん (じっせん)	なんせん		
足	そく	Shoes, socks, stockings, slippers	Common	Daily	いっそく	にそく	さんそく	よんそく	ごそく	ろくそく	ななそく (しちそく)	はっそく (はちそく)	きゅうそく	じゅっそく (じっそく)	なんそく		
束	たば	Bundles	Common	Daily	ひとたば	ふたたば	さんたば (みたば)	よんたば	ごたば	ろくたば	ななたば	はったば はちたば	きゅうたば	じゅったば (じったば)	なんたば		Kun'yomi. I didn't see the usage for しちたば, so I'm not adding it.
玉	たま	Ball-shaped things	Common	Daily	ひとたま	ふたたま	さんたま (みたま)	よんたま	ごたま	ろくたま	ななたま	はったま はちたま	きゅうたま	じゅったま (じったま)	なんたま		Kun'yomi. I didn't see the usage for しちたま, so I'm not adding it.
段	だん	Steps of stairs, shelves, cake tiers, bunk bed levels, drawers	Common	Daily	いちだん	にだん	さんだん	よだん よんだん	ごだん	ろくだん	しちだん ななだん	はちだん	きゅうだん	じゅうだん	なんだん		
着	ちゃく	Clothes or garments, places in a race	Common	Daily	いっちゃく	にちゃく	さんちゃく	よんちゃく	ごちゃく	ろくちゃく	ななちゃく	はっちゃく	きゅうちゃく	じゅっちゃく (じっちゃく)	なんちゃく		This is On'yomi, but I think it's such a mouthful to say しちちゃく that I didn't see any usage. I'm not adding it as it sounds so weird.
通	つう	Written postcards, greeting cards, letters, emails, messages	Common	Daily	いっつう	につう	さんつう	よんつう	ごつう	ろくつう	ななつう (しちつう)	はっつう (はちつう)	きゅうつう	じゅっつう (じっつう)	なんつう		
粒	つぶ	Small, round things	Common	Daily	ひとつぶ	ふたつぶ	さんつぶ (みつぶ)	よんつぶ (よつぶ)	ごつぶ 	ろくつぶ 	ななつぶ 	はっつぶ はちつぶ	きゅうつぶ	じゅっつぶ (じっつぶ)	なんつぶ		田三七粒 (でんさんしちつぶ) Kun'yomi, and I only saw しちつぶ usage as a product name, so I'm not adding it.
点	てん	Dots, points, items and products, test scores, sports game scores	Common	Daily/Formal	いってん	にてん	さんてん	よんてん	ごてん	ろくてん	ななてん (しちてん)	はってん はちてん	きゅうてん	じゅってん (じってん)	なんてん		
度	ど	Number of times something happens, chances, opportunities, experiences	Common	Daily	いちど ひとたび	にど ふたたび	さんど みたび	よんど (よたび)	ごど (いつたび)	ろくど (むたび)	ななど (しちど) (ななたび)	はちど (やたび)	きゅうど (ここたび)	じゅうど (とたび)	なんど いくど (いくたび)		We could delete よたび and above with たび as it's very rare nowadays (you'll only see them in classic Japanese writings).  七度狐 しちどぎつね
杯	はい	Bowls of food/soup, cups/glasses/mugs of drink/soup	Common	Daily	いっぱい	にはい	さんばい	よんはい (よんばい)	ごはい	ろっぱい ろくはい	ななはい (しちはい)	はっぱい はちはい	きゅうはい	じゅっぱい (じっぱい)	なんばい (なんはい)		
泊	はく	Number of overnight stays or rentals	Common	Daily	いっぱく	にはく	さんぱく (さんはく)	よんはく (よんぱく)	ごはく	ろっぱく (ろくはく)	ななはく (しちはく)	はっぱく (はちはく)	きゅうはく	じゅっぱく (じっぱく)	なんぱく (なんはく)		
箱	はこ	Boxes	Common	Daily	ひとはこ (いっぱこ)	ふたはこ (にはこ)	さんぱこ (さんはこ) (みはこ)	よんはこ	ごはこ	ろっぱこ (ろくはこ)	ななはこ (しちはこ)	はっぱこ (はちはこ)	きゅうはこ	じゅっぱこ (じっぱこ)	なんはこ (なんぱこ)		This is Kun'yomi, but I saw some say しちはこ, so I'm adding it.
発	はつ	Bullets, bullet marks, explosives, fireworks, shots	Common	Daily	いっぱつ	にはつ	さんぱつ さんはつ	よんはつ よんぱつ	ごはつ	ろっぱつ ろくはつ	ななはつ (しちはつ)	はっぱつ はちはつ	きゅうはつ	じゅっぱつ (じっぱつ)	なんぱつ なんはつ		
番	ばん	Turns, orders, ranks, numbers	Common	Daily	いちばん	にばん	さんばん	よんばん (よばん)	ごばん	ろくばん	ななばん （しちばん）	はちばん	きゅうばん	じゅうばん	なんばん		It's pronounced よばん only when it's used in baseball. Should we add this to the list article as a little trivia?  四番バッター: よばんばったー not よんばんばったー
秒	びょう	Seconds	Common	Daily	いちびょう	にびょう	さんびょう	よんびょう	ごびょう	ろくびょう	ななびょう (しちびょう)	はちびょう	きゅうびょう	じゅうびょう	なんびょう		
便	びん	Flights, ships, instances of shipping out, long-distance bus trips, deliveries	Common	Formal	いちびん	にびん	さんびん	よびん （よんびん）	ごびん	ろくびん	ななびん (しちびん)	はちびん	きゅうびん	じゅうびん	なんびん		
袋	ふくろ	Bags, sacks, pouches	Common	Daily	ひとふくろ	ふたふくろ	さんふくろ	よんふくろ	ごふくろ	ろっぷくろ ろくふくろ	ななふくろ	はっぷくろ はちふくろ	きゅうふくろ	じゅっぷくろ (じっぷくろ)	なんふくろ (なんぷくろ) (なんぶくろ)		Kun'yomi, and I didn't see any しちふくろ usage, so I'm not adding it.
部屋	へや	Rooms	Common	Daily	ひとへや	ふたへや	さんへや みへや	よんへや	ごへや	ろくへや (ろっぺや)	ななへや	はちへや (はっぺや)	きゅうへや	じゅっぺや (じっへや)	なんへや (なんべや) (なんぺや)		Kun'yomi, and I didn't see any しちへや usage, so I'm not adding it.
歩	ほ	Steps	Common	Daily	いっぽ	にほ	さんぽ	よんほ	ごほ	ろっぽ	ななほ	はっぽ (はちほ)	きゅうほ	じゅっぽ (じっぽ)	なんぽ		七歩之才（しちほのさい） On'yomi, but I didn't see the しちほ usage other than the above very uncommon idiom, and I've personally never heard of しちほ, so I'm not adding it.
名	めい	Number of people	Common	Formal	いちめい	にめい	さんめい	よんめい (よめい)	ごめい	ろくめい	ななめい (しちめい)	はちめい	きゅうめい	じゅうめい	なんめい		
文字	もじ	Letters, characters, moras in poetry	Common	Daily	ひともじ いちもじ	ふたもじ にもじ	さんもじ	よんもじ	ごもじ	ろくもじ	ななもじ (しちもじ)	はちもじ	きゅうもじ	じゅうもじ	なんもじ		Kun'yomi, but it can be read as しちもじ, especially when it's 17文字 (じゅうしちもじ) that refers to haiku.
問	もん	Questions and problems in a quiz, tests, exams, textbooks, worksheets, etc.	Common	Daily	いちもん	にもん	さんもん	よんもん	ごもん	ろくもん	ななもん (しちもん)	はちもん	きゅうもん	じゅうもん	なんもん		
話	わ	Stories, episodes	Common	Daily	いちわ	にわ	さんわ	よんわ	ごわ	ろくわ	ななわ (しちわ)	はちわ	きゅうわ	じゅうわ	なんわ		
案	あん	Plans, ideas, projects, schemes	Semi Common	Formal	いちあん	にあん	さんあん	よんあん	ごあん	ろくあん	ななあん (しちあん)	はちあん	きゅうあん	じゅうあん	なんあん		
位	い	Ranks, classes, grades, orders, decimal places	Semi Common	Daily/Formal	いちい	にい	さんい	よんい	ごい	ろくい	なない (しちい)	はちい	きゅうい	じゅうい	なんい		
院	いん	Hospitals, doctor's offices, clinics, temples, mosques, government houses etc.	Semi Common	Formal	いちいん	にいん	さんいん	よんいん	ごいん	ろくいん	なないん (しちいん)	はちいん	きゅういん	じゅういん	なんいん		
駅	えき	Train stations, bus stations	Semi Common	Daily	ひとえき	ふたえき	さんえき	よんえき	ごえき	ろくえき	ななえき	はちえき	きゅうえき	じゅうえき	なんえき		
枝	えだ	Branches with flowers, fruit, and/or leaves	Semi Common	Daily	ひとえだ	ふたえだ	さんえだ	よんえだ	ごえだ	ろくえだ	ななえだ	はちえだ	きゅうえだ	じゅうえだ	なんえだ		
園	えん	Zoos, botanical gardens, theme parks, farms, orchards, kindergartens, nursery schools, daycares	Semi Common	Formal	いちえん	にえん	さんえん	よんえん	ごえん	ろくえん	ななえん (しちえん)	はちえん	きゅうえん	じゅうえん	なんえん		
折/折り	おり	Number of folds, bento in folded boxes, boxes of cakes, boxes of sweets, etc.	Semi Common	Daily/Formal	ひとおり	ふたおり	みおり さんおり	よんおり	ごおり	ろくおり	ななおり	はちおり	きゅうおり	じゅうおり	なんおり		
音	おん	Syllables, musical notes	Semi Common	Formal	いちおん	におん	さんおん	よんおん	ごおん	ろくおん	ななおん (しちおん)	はちおん	きゅうおん	じゅうおん	なんおん		
課	か	Company/organization sections, departments, divisions, lessons	Semi Common	Formal	いっか	にか	さんか	よんか	ごか	ろっか	ななか (しちか)	はっか はちか	きゅうか	じゅっか (じっか)	なんか		
海	かい	Seas, oceans	Semi Common	Formal	いっかい	にかい	さんかい	よんかい	ごかい	ろっかい	しちかい (ななかい)	はっかい はちかい	きゅうかい	じゅっかい (じっかい)	なんかい		
階級	かいきゅう	Ranks, grades, classes	Semi Common	Formal	いっかいきゅう	にかいきゅう	さんかいきゅう	よんかいきゅう	ごかいきゅう	ろっかいきゅう (ろくかいきゅう)	ななかいきゅう (しちかいきゅう)	はっかいきゅう はちかいきゅう	きゅうかいきゅう	じゅっかいきゅう (じっかいきゅう)	なんかいきゅう		
回線	かいせん	Electric circuits, phone/internet/optical communication lines	Semi Common	Formal	いっかいせん (いちかいせん)	にかいせん	さんかいせん	よんかいせん	ごかいせん	ろっかいせん (ろくかいせん)	ななかいせん (しちかいせん)	はっかいせん はちかいせん	きゅうかいせん	じゅっかいせん (じっかいせん)	なんかいせん		
画	かく	Kanji strokes, plots/divisions/blocks of land	Semi Common	Formal	いっかく	にかく	さんかく	よんかく	ごかく	ろっかく (ろくかく)	ななかく (しちかく)	はっかく はちかく	きゅうかく	じゅっかく (じっかく)	なんかく		
片	かけ	Garlic cloves, "fingers" of ginger, pieces of bread or fruit	Semi Common	Daily	ひとかけ	ふたかけ	さんかけ (みかけ)	よんかけ	ごかけ	ろっかけ ろくかけ	ななかけ	はっかけ はちかけ	きゅうかけ	じゅっかけ (じっかけ)	なんかけ		
欠片	かけら	Glass shards, garlic cloves, pieces of ginger, bread, and anything else	Semi Common	Daily	ひとかけら	ふたかけら	さんかけら (みかけら)	よんかけら	ごかけら	ろっかけら (ろくかけら)	ななかけら	はっかけら はちかけら	きゅうかけら	じゅっかけら (じっかけら)	なんかけら		
籠	かご	Baskets, basketfuls of something, bird cages etc.	Semi Common	Daily	ひとかご	ふたかご	さんかご (みかご)	よんかご	ごかご	ろっかご (ろくかご)	ななかご	はっかご はちかご	きゅうかご	じゅっかご (じっかご)	なんかご		
塊	かたまり	Lumps, balls, or masses of something	Semi Common	Daily	ひとかたまり	ふたかたまり	さんかたまり	よんかたまり	ごかたまり	ろっかたまり (ろくかたまり)	ななかたまり	はっかたまり はちかたまり	きゅうかたまり	じゅっかたまり (じっかたまり)	なんかたまり		
河川	かせん	Rivers	Semi Common	Formal	いっかせん	にかせん	さんかせん	よんかせん	ごかせん	ろっかせん (ろくかせん)	ななかせん (しちかせん)	はっかせん はちかせん	きゅうかせん	じゅっかせん (じっかせん)	なんかせん		
画素	がそ	Pixels	Semi Common	Formal	いちがそ	にがそ	さんがそ	よんがそ	ごがそ	ろくがそ	なながそ (しちがそ)	はちがそ	きゅうがそ	じゅうがそ	なんがそ		
方	かた	People (formal)	Semi Common	Formal	ひとかた	ふたかた	さんかた	よんかた	ごかた	ろっかた	ななかた	はっかた (はちかた)	きゅうかた	じゅっかた (じっかた)	なんかた		
株	かぶ	Plants with roots, tree stumps, clusters of mushrooms, seedlings, stocks	Semi Common	Formal	ひとかぶ	ふたかぶ	さんかぶ	よんかぶ	ごかぶ	ろっかぶ (ろくかぶ)	ななかぶ (しちかぶ)	はっかぶ (はちかぶ)	きゅうかぶ	じゅっかぶ (じっかぶ)	なんかぶ		
冠	かん	Wins, victories, championships, crowns	Semi Common	Formal	いっかん	にかん	さんかん	よんかん	ごかん	ろっかん	しちかん (ななかん)	はっかん (はちかん)	きゅうかん	じゅっかん (じっかん)	なんかん		
貫	かん	Sushi pieces, nigiri pieces	Semi Common	Formal	いっかん	にかん	さんかん	よんかん	ごかん	ろっかん	ななかん (しちかん)	はっかん (はちかん)	きゅうかん	じゅっかん (じっかん)	なんかん		
館	かん	Art galleries, art and other museums, libraries, aquariums, photo studios	Semi Common	Formal	いっかん	にかん	さんかん	よんかん	ごかん	ろっかん	ななかん (しちかん)	はっかん (はちかん)	きゅうかん	じゅっかん (じっかん)	なんかん		
基	き	Installed things that are big and/or hard to move by hand	Semi Common	Formal	いっき	にき	さんき	よんき	ごき	ろっき	ななき (しちき)	はっき (はちき)	きゅうき	じゅっき (じっき)	なんき		
機	き	Airplanes, airships, jets, blimps, hot air balloons, helicopters, guided missiles	Semi Common	Formal	いっき	にき	さんき	よんき	ごき	ろっき (ろくき)	ななき (しちき)	はっき (はちき)	きゅうき	じゅっき (じっき)	なんき		
期	き	Terms, time periods	Semi Common	Formal	いっき	にき	さんき	よんき	ごき	ろっき	ななき (しちき)	はっき (はちき)	きゅうき	じゅっき (じっき)	なんき		
客	きゃく	Items brought out for special guests	Semi Common	Formal	いっきゃく	にきゃく	さんきゃく	よんきゃく	ごきゃく	ろっきゃく	ななきゃく (しちきゃく)	はっきゃく (はちきゃく)	きゅうきゃく	じゅっきゃく (じっきゃく)	なんきゃく		
脚	きゃく	Chairs, tables, desks	Semi Common	Formal	いっきゃく	にきゃく	さんきゃく	よんきゃく	ごきゃく	ろっきゃく	ななきゃく (しちきゃく)	はっきゃく (はちきゃく)	きゅうきゃく	じゅっきゃく (じっきゃく)	なんきゃく		
級	きゅう	Dan and other grades, stone steps	Semi Common	Formal	いっきゅう	にきゅう	さんきゅう	よんきゅう	ごきゅう	ろっきゅう	ななきゅう (しちきゅう)	はっきゅう (はちきゅう)	きゅうきゅう	じゅっきゅう (じっきゅう)	なんきゅう		
球	きゅう	Baseball pitches, bulbs	Semi Common	Formal	いっきゅう	にきゅう	さんきゅう	よんきゅう	ごきゅう	ろっきゅう (ろくきゅう)	ななきゅう (しちきゅう)	はっきゅう (はちきゅう)	きゅうきゅう	じゅっきゅう (じっきゅう)	なんきゅう		
行	ぎょう	Lines in text	Semi Common	Formal	いちぎょう	にぎょう	さんぎょう	よんぎょう	ごぎょう	ろくぎょう	ななぎょう (しちぎょう)	はちぎょう	きゅうぎょう	じゅうぎょう	なんぎょう		
局	きょく	Shogi, go, and sugoroku matches, broadcasting stations, post offices	Semi Common	Formal	いっきょく	にきょく	さんきょく	よんきょく	ごきょく	ろっきょく (ろくきょく)	ななきょく (しちきょく)	はっきょく (はちきょく)	きゅうきょく	じゅっきょく (じっきょく)	なんきょく		
斤	きん	Loaves of regular bread	Semi Common	Daily	いっきん	にきん	さんきん	よんきん	ごきん	ろっきん	ななきん (しちきん)	はっきん (はちきん)	きゅうきん	じゅっきん (じっきん)	なんきん		
金	きん	Carats of gold	Semi Common	Formal	いっきん	にきん	さんきん	よんきん	ごきん	ろっきん	ななきん (しちきん)	はっきん (はちきん)	きゅうきん	じゅっきん (じっきん)	なんきん		
句	く	Haiku, expressions, passages of writing, words, phrases	Semi Common	Formal	いっく	にく	さんく	よんく	ごく	ろっく	ななく (しちく)	はっく (はちく)	きゅうく	じゅっく (じっく)	なんく		
区	く	Plots of land, wards, zones, constituencies, legs of a marathon	Semi Common	Formal	いっく	にく	さんく	よんく	ごく	ろっく	ななく (しちく)	はっく (はちく)	きゅうく	じゅっく (じっく)	なんく		
区画	くかく	Plots of land, divisions of land, a block	Semi Common	Formal	いっくかく	にくかく	さんくかく	よんくかく	ごくかく	ろっくかく	ななくかく (しちくかく)	はっくかく (はちくかく)	きゅうくかく	じゅっくかく (じっくかく)	なんくかく		
串	くし	Any kind of skewered food (meat, vegetables etc.)	Semi Common	Daily	ひとくし	ふたくし	さんくし (みくし)	よんくし	ごくし	ろっくし	ななくし	はっくし (はちくし)	きゅうくし	じゅっくし (じっくし)	なんくし		
癖	くせ	Habits, peculiarities, one's ways	Semi Common	Daily	ひとくせ	ふたくせ	さんくせ みくせ	よんくせ	ごくせ	ろっくせ	ななくせ	はっくせ (はちくせ)	きゅうくせ	じゅっくせ (じっくせ)	なんくせ		
軍	ぐん	Army groups, baseball and other sports teams, etc.	Semi Common	Formal	いちぐん	にぐん	さんぐん	よんぐん	ごぐん	ろくぐん	ななぐん (しちぐん)	はちぐん	きゅうぐん	じゅうぐん	なんぐん		
景	けい	Views, sceneries, scenes of a play etc.	Semi Common	Formal	いっけい	にけい	さんけい	よんけい	ごけい	ろっけい	ななけい (しちけい)	はっけい (はちけい)	きゅうけい	じゅっけい (じっけい)	なんけい		
桁	けた	Figures, digits, decimal places	Semi Common	Formal	ひとけた	ふたけた	さんけた みけた	よんけた	ごけた	ろっけた	ななけた	はっけた (はちけた)	きゅうけた	じゅっけた (じっけた)	なんけた		
鍵	けん	Keys on a piano/computer keyboard	Semi Common	Formal	いっけん	にけん	さんけん	よんけん	ごけん	ろっけん	ななけん (しちけん)	はっけん (はちけん)	きゅうけん	じゅっけん (じっけん)	なんけん		
限	げん	College/university classes	Semi Common	Formal	いちげん	にげん	さんげん	よげん (よんげん)	ごげん	ろくげん	ななげん (しちげん)	はちげん	きゅうげん	じゅうげん	なんげん		
戸	こ	Houses	Semi Common	Formal	いっこ	にこ	さんこ	よんこ	ごこ	ろっこ	ななこ (しちこ)	はっこ (はちこ)	きゅうこ	じゅっこ (じっこ)	なんこ		
行	こう	Banks, deeds, groups of people	Semi Common	Formal	いっこう	にこう	さんこう	よんこう	ごこう	ろっこう	ななこう (しちこう)	はっこう (はちこう)	きゅうこう	じゅっこう (じっこう)	なんこう		
項	こう	Articles of law, or articles in a constitution/other legal document	Semi Common	Formal	いっこう	にこう	さんこう	よんこう	ごこう	ろっこう	ななこう (しちこう)	はっこう (はちこう)	きゅうこう	じゅっこう (じっこう)	なんこう		
号	ごう	Room numbers, train numbers, magazine volume numbers etc.	Semi Common	Daily/Formal	いちごう	にごう	さんごう	よんごう	ごごう	ろくごう	ななごう (しちごう)	はちごう	きゅうごう	じゅうごう	なんごう		
合	ごう	Cups of rice, stages of a mountain trail path	Semi Common	Daily	いちごう	にごう	さんごう	よんごう	ごごう	ろくごう	ななごう (しちごう)	はちごう	きゅうごう	じゅうごう	なんごう		
声	こえ/せい	Vocalizations	Semi Common	Daily	ひとこえ いっせい	ふたこえ にせい	さんせい	よんせい	ごせい	ろくせい	ななせい (しちせい)	はっせい (はちせい)	きゅうせい	じゅっせい (じっせい)	なんせい		
国	こく	Countries	Semi Common	Formal	いっこく	にこく	さんこく (さんごく)	よんこく (よんごく)	ごこく	ろっこく	ななこく (しちこく)	はっこく (はちこく)	きゅうこく	じゅっこく (じっこく)	なんこく (なんごく)		
言	こと	Words you say/write	Semi Common	Daily	ひとこと	ふたこと	さんこと みこと	よんこと	ごこと	ろっこと	ななこと (しちこと)	はっこと はちこと	きゅうこと	じゅっこと (じっこと)	なんこと		
齣	こま	Scenes of a play/movie/drama, classes, lectures etc.	Semi Common	Formal	ひとこま	ふたこま	さんこま	よんこま	ごこま	ろっこま	ななこま (しちこま)	はっこま はちこま	きゅうこま	じゅっこま (じっこま)	なんこま		
作	さく	Pieces of art, novels, movies, etc.	Semi Common	Formal	いっさく	にさく	さんさく	よんさく	ごさく	ろくさく	ななさく (しちさく)	はっさく はちさく	きゅうさく	じゅっさく (じっさく)	なんさく		
柵/冊	さく	Fish strips/blocks	Semi Common	Formal	ひとさく	ふたさく	さんさく	よんさく	ごさく	ろくさく	ななさく	はっさく はちさく	きゅうさく	じゅっさく (じっさく)	なんさく		
刺し	さし	Stabbings	Semi Common	Daily	ひとさし	ふたさし	さんさし (みさし)	よんさし	ごさし	ろくさし	ななさし	はっさし はちさし	きゅうさし	じゅっさし (じっさし)	なんさし		
匙	さじ	Spoonfuls of something, tablespoons, teaspoons	Semi Common	Daily	ひとさじ	ふたさじ	さんさじ (みさじ)	よんさじ	ごさじ	ろくさじ	ななさじ	はっさじ はちさじ	きゅうさじ	じゅっさじ (じっさじ)	なんさじ		
莢	さや	Pea pods	Semi Common	Daily	ひとさや	ふたさや	さんさや (みさや)	よんさや	ごさや	ろくさや	ななさや	はっさや はちさや	きゅうさや	じゅっさや (じっさや)	なんさや		
紙	し	Newspapers	Semi Common	Formal	いっし	にし	さんし	よんし	ごし	ろくし	ななし	はっし はちし	きゅうし	じゅっし (じっし)	なんし		7 could be read as しち here, but it's a mouthful and very rare, so I'm not adding it.
歯	し	Teeth	Semi Common	Formal	いっし	にし	さんし	よんし	ごし	ろくし	ななし	はっし はちし	きゅうし	じゅっし (じっし)	なんし		7 could be read as しち here, but it's a mouthful and very rare, so I'm not adding it.
誌	し	Magazines, tabloids	Semi Common	Formal	いっし	にし	さんし	よんし	ごし	ろくし	ななし	はっし はちし	きゅうし	じゅっし (じっし)	なんし		7 could be read as しち here, but it's a mouthful and very rare, so I'm not adding it.
字	じ	Letters, characters, moras in poetry	Semi Common	Formal	いちじ	にじ	さんじ	よじ	ごじ	ろくじ	ななじ (しちじ)	はちじ	きゅうじ	じゅうじ	なんじ		
次	じ	Order or sequence of events/affairs/occurences/incidents	Semi Common	Formal	いちじ	にじ	さんじ	よじ (よんじ)	ごじ	ろくじ	ななじ (しちじ)	はちじ	きゅうじ	じゅうじ	なんじ		
児	じ	Children	Semi Common	Formal	いちじ	にじ	さんじ	よじ	ごじ	ろくじ	ななじ (しちじ)	はちじ	きゅうじ	じゅうじ	なんじ		
軸	じく	Scrolls, hanging scrolls	Semi Common	Formal	ひとじく	ふたじく	さんじく	よんじく	ごじく	ろくじく	ななじく	はちじく	きゅうじく	じゅうじく	なんじく		
次元	じげん	Dimensions	Semi Common	Formal	いちじげん	にじげん	さんじげん	よじげん	ごじげん	ろくじげん	ななじげん (しちじげん)	はちじげん	きゅうじげん	じゅうじげん	なんじげん		
次元	じげん	Levels	Semi Common	Formal	ひとじげん	ふたじげん	さんじげん	よじげん	ごじげん	ろくじげん	ななじげん	はちじげん	きゅうじげん	じゅうじげん	なんじげん		
室	しつ	Rooms	Semi Common	Formal	いっしつ	にしつ	さんしつ	よんしつ	ごしつ	ろくしつ	ななしつ (しちしつ)	はっしつ はちしつ	きゅうしつ	じゅっしつ (じっしつ)	なんしつ		
者	しゃ	People affected by something	Semi Common	Formal	いっしゃ	にしゃ	さんしゃ	よんしゃ	ごしゃ	ろくしゃ	ななしゃ (しちしゃ)	はっしゃ はちしゃ	きゅうしゃ	じゅっしゃ (じっしゃ)	なんしゃ		
種	しゅ	Kinds, varieties, types	Semi Common	Formal	いっしゅ	にしゅ	さんしゅ	よんしゅ	ごしゅ	ろくしゅ	ななしゅ (しちしゅ)	はっしゅ はちしゅ	きゅうしゅ	じゅっしゅ (じっしゅ)	なんしゅ		
種目	しゅもく	Sport events	Semi Common	Formal	いっしゅもく	にしゅもく	さんしゅもく	よんしゅもく	ごしゅもく	ろくしゅもく	ななしゅもく (しちしゅもく)	はっしゅもく はちしゅもく	きゅうしゅもく	じゅっしゅもく (じっしゅもく)	なんしゅもく		
重	じゅう	Things that overlap	Semi Common	Formal	いちじゅう	にじゅう	さんじゅう	よんじゅう	ごじゅう	ろくじゅう	ななじゅう (しちしゅもく)	はちじゅう	きゅうじゅう	じゅうじゅう	なんじゅう		
周年	しゅうねん	Anniversary years	Semi Common	Formal	いっしゅうねん	にしゅうねん	さんしゅうねん	よんしゅうねん	ごしゅうねん	ろくしゅうねん	ななしゅうねん (しちしゅうねん)	はっしゅうねん はちしゅうねん	きゅうしゅうねん	じゅっしゅうねん (じっしゅうねん)	なんしゅうねん		
巡	じゅん	Cycles, rounds, circuits	Semi Common	Formal	いちじゅん	にじゅん	さんじゅん	よんじゅん	ごじゅん	ろくじゅん	ななじゅん (しちじゅん)	はちじゅん	きゅうじゅん	じゅうじゅん	なんじゅん		
女	じょ	Daughters	Semi Common	Formal	いちじょ	じじょ	さんじょ	よんじょ	ごじょ	ろくじょ	しちじょ ななじょ	はちじょ	きゅうじょ	じゅうじょ	なんじょ		
升	しょう	Sho units (about 1.8 liters)	Semi Common	Formal	いっしょう	にしょう	さんしょう	よんしょう	ごしょう	ろくしょう	ななしょう (しちしょう)	はっしょう はちしょう	きゅうしょう	じゅっしょう (じっしょう)	なんしょう		
床	しょう	Hospital beds	Semi Common	Formal	いっしょう	にしょう	さんしょう	よんしょう	ごしょう	ろくしょう	ななしょう (しちしょう)	はっしょう はちしょう	きゅうしょう	じゅっしょう (じっしょう)	なんしょう		
城	じょう	Castles, palaces	Semi Common	Formal	いちじょう	にじょう	さんじょう	よんじょう	ごじょう	ろくじょう	ななじょう (しちじょう)	はちじょう	きゅうじょう	じゅうじょう	なんじょう		
畳	じょう	Tatami mats	Semi Common	Formal	いちじょう	にじょう	さんじょう	よんじょう	ごじょう	ろくじょう	ななじょう (しちじょう)	はちじょう	きゅうじょう	じゅうじょう	なんじょう		
錠	じょう	Pill/tablet/capsule medicine	Semi Common	Daily	いちじょう	にじょう	さんじょう	よんじょう	ごじょう	ろくじょう	ななじょう (しちじょう)	はちじょう	きゅうじょう	じゅうじょう	なんじょう		
親等	しんとう	Degrees of kinship	Semi Common	Formal	いっしんとう	にしんとう	さんしんとう	よんしんとう	ごしんとう	ろくしんとう	ななしんとう	はっしんとう はちしんとう	きゅうしんとう	じゅっしんとう (じっしんとう)	なんしんとう		しち for 7 is possible, but you never ever hear it, so I'm not adding it.
図	ず	Diagrams, illustrations, charts, graphs, sketches, etc.	Semi Common	Formal	いちず	にず	さんず	よんず	ごず	ろくず	ななず (しちず)	はちず	きゅうず	じゅうず	なんず		
掬い	すくい	Scoops	Semi Common	Daily	ひとすくい	ふたすくい	さんすくい みすくい	よんすくい	ごすくい	ろくすくい	ななすくい	はっすくい はちすくい	きゅうすくい	じゅっすくい (じっすくい)	なんすくい		
筋	すじ	Long, thin things	Semi Common	Daily	ひとすじ	ふたすじ	さんすじ みすじ	よんすじ	ごすじ	ろくすじ	ななすじ	はっすじ はちすじ	きゅうすじ	じゅっすじ (じっすじ)	なんすじ		
刷	すり	Printings, pressings	Semi Common	Formal	ひとすり	ふたすり	さんすり みすり	よんすり	ごすり	ろくすり	ななすり	はっすり はちすり	きゅうすり	じゅっすり (じっすり)	なんすり		
世	せい	Generations	Semi Common	Formal	いっせい	にせい	さんせい	よんせい	ごせい	ろくせい	ななせい	はっせい	きゅうせい	じゅっせい (じっせい)	なんせい		しち for 7 is possible, but you never ever hear it, so I'm not adding it.
隻	せき	Battleships, vessels, large boats	Semi Common	Formal	いっせき	にせき	さんせき	よんせき	ごせき	ろくせき	ななせき (しちせき)	はっせき はちせき	きゅうせき	じゅっせき (じっせき)	なんせき		
世帯	せたい	Households, families	Semi Common	Formal	いっせたい	にせたい	さんせたい	よんせたい	ごせたい	ろくせたい	ななせたい (しちせたい)	はっせたい はちせたい	きゅうせたい	じゅっせたい (じっせたい)	なんせたい		
節	せつ	Passages, sections, paragraphs	Semi Common	Formal	いっせつ	にせつ	さんせつ	よんせつ	ごせつ	ろくせつ	ななせつ (しちせつ)	はっせつ はちせつ	きゅうせつ	じゅっせつ (じっせつ)	なんせつ		
説	せつ	Explanations, opinions	Semi Common	Formal	いっせつ	にせつ	さんせつ	よんせつ	ごせつ	ろくせつ	ななせつ (しちせつ)	はっせつ はちせつ	きゅうせつ	じゅっせつ (じっせつ)	なんせつ		
選	せん	Things selected/chosen by someone	Semi Common	Formal	いっせん	にせん	さんせん	よんせん	ごせん	ろくせん	ななせん (しちせん)	はっせん はちせん	きゅうせん	じゅっせん (じっせん)	なんせん		
膳	ぜん	Chopsticks, bowls of rice	Semi Common	Formal	いちぜん	にぜん	さんぜん	よんぜん	ごぜん	ろくぜん	ななぜん (しちぜん)	はちぜん	きゅうぜん	じゅうぜん	なんぜん		
層	そう	Layers	Semi Common	Formal	いっそう	にそう	さんそう	よんそう	ごそう	ろくそう	ななそう (しちそう)	はっそう (はちそう)	きゅうそう	じゅっそう (じっそう)	なんそう		
槽	そう	Tubs, tanks	Semi Common	Formal	いっそう	にそう	さんそう	よんそう	ごそう	ろくそう	ななそう (しちそう)	はっそう はちそう	きゅうそう	じゅっそう (じっそう)	なんそう		
艘	そう	Small ships and boats	Semi Common	Formal	いっそう	にそう	さんそう	よんそう	ごそう	ろくそう	ななそう (しちそう)	はっそう はちそう	きゅうそう	じゅっそう (じっそう)	なんそう		
則	そく	Rules, provision rules	Semi Common	Formal	いっそく	にそく	さんそく	よんそく (しそく)	ごそく	ろくそく	ななそく (しちそく)	はっそく (はちそく)	きゅうそく	じゅっそく (じっそく)	なんそく		
速	そく	Car, motorcycle, and mountain bike gears	Semi Common	Formal	いっそく	にそく	さんそく	よんそく	ごそく	ろくそく	ななそく (しちそく)	はっそく	きゅうそく	じゅっそく (じっそく)	なんそく		
揃い	そろい	Sets of things	Semi Common	Daily	ひとそろい	ふたそろい	みつぞろい （さんそろい）	よんそろい (よつぞろい)	ごそろい	ろくそろい	ななそろい	はちそろい	きゅうそろい	じゅっそろい (じっそろい)	なんそろい		
尊	そん	Jizo statues, Buddhism statues	Semi Common	Formal	いっそん	にそん	さんそん	よんそん	ごそん	ろくそん	ななそん (しちそん)	はっそん (はちそん)	きゅうそん	じゅっそん (じっそん)	なんそん		
打	だ	Battings, strokes (in sports)	Semi Common	Daily	いちだ	にだ	さんだ	よんだ	ごだ	ろくだ	ななだ (しちだ)	はちだ	きゅうだ	じゅうだ	なんだ		
体	たい	Statues, dolls	Semi Common	Daily	いったい	にたい	さんたい	よんたい	ごたい	ろくたい	ななたい (しちたい)	はったい はちたい	きゅうたい	じゅったい (じったい)	なんたい		
隊	たい	Army teams	Semi Common	Formal	いったい	にたい	さんたい	よんたい	ごたい	ろくたい	ななたい (しちたい)	はったい はちたい	きゅうたい	じゅったい (じったい)	なんたい		
代	だい	Generations in family line (eg. of royals)	Semi Common	Formal	いちだい	にだい	さんだい	よんだい	ごだい	ろくだい	ななだい (しちだい)	はちだい	きゅうだい	じゅうだい	なんだい		
題	だい	Titles, problems, questions	Semi Common	Formal	いちだい	にだい	さんだい	よんだい	ごだい	ろくだい	ななだい (しちだい)	はちだい	きゅうだい	じゅうだい	なんだい		
卓	たく	Tables, desks	Semi Common	Formal	いったく	にたく	さんたく	よんたく	ごたく	ろくたく	ななたく (しちたく)	はったく はちたく	きゅうたく	じゅったく (じったく)	なんたく		
樽	たる	Barrels, kegs	Semi Common	Formal	ひとたる	ふたたる (にたる)	さんたる	よんたる	ごたる	ろくたる	ななたる	はったる はちたる	きゅうたる	じゅったる (じったる)	なんたる		
弾	だん	Bullets, events, projects	Semi Common	Formal	いちだん	にだん	さんだん	よんだん	ごだん	ろくだん	ななだん (しちだん)	はちだん	きゅうだん	じゅうだん	なんだん		
団	だん	Groups (i.e. orchestra, travellers, students)	Semi Common	Formal	いちだん	にだん	さんだん	よんだん	ごだん	ろくだん	ななだん (しちだん)	はちだん	きゅうだん	じゅうだん	なんだん		
単位	たんい	Academic credits	Semi Common	Formal	いったんい	にたんい	さんたんい	よんたんい	ごたんい	ろくたんい	ななたんい (しちたんい)	はったんい はちたんい	きゅうたんい	じゅったんい (じったんい)	なんたんい		
段階	だんかい	Steps, stages, or phases of a project	Semi Common	Formal	いちだんかい	にだんかい	さんだんかい	よんだんかい	ごだんかい	ろくだんかい	ななだんかい (しちだんかい)	はちだんかい	きゅうだんかい	じゅうだんかい	なんだんかい		
段落	だんらく	Paragraphs, task stages	Semi Common	Formal	いちだんらく	にだんらく	さんだんらく	よんだんらく	ごだんらく	ろくだんらく	ななだんらく (しちだんらく)	はちだんらく	きゅうだんらく	じゅうだんらく	なんだんらく		
丁	ちょう	Servings of food in a restaurant (tofu, ramen etc.)	Semi Common	Daily	いっちょう	にちょう	さんちょう	よんちょう	ごちょう	ろくちょう	ななちょう	はっちょう (はちちょう)	きゅうちょう	じゅっちょう (じっちょう)	なんちょう		しち for 7 is possible, but you never ever hear it because it'd be mouthful, so I'm not adding it.
挺	ちょう	Long and narrow things (knives, rifles, etc.)	Semi Common	Formal	いっちょう	にちょう	さんちょう	よんちょう	ごちょう	ろくちょう	ななちょう	はっちょう (はちちょう)	きゅうちょう	じゅっちょう (じっちょう)	なんちょう		しち for 7 is possible, but you never ever hear it because it'd be mouthful, so I'm not adding it.
対	つい	Pairs of things	Semi Common	Formal	いっつい	につい	さんつい	よんつい	ごつい	ろくつい	ななつい (しちつい)	はっつい (はちつい)	きゅうつい	じゅっつい (じっつい)	なんつい		
掴み	つかみ	Handfuls of things	Semi Common	Daily	ひとつかみ	ふたつかみ	さんつかみ (みつかみ)	よんつかみ	ごつかみ	ろくつかみ	ななつかみ	はちつかみ	きゅうつかみ	じゅっつかみ (じっつかみ)	なんつかみ		
包み	つつみ	Wrapped things	Semi Common	Daily	ひとつつみ	ふたつつみ	さんつつみ (みつつみ)	よんつつみ	ごつつみ	ろくつつみ	ななつつみ	はちつつみ	きゅうつつみ	じゅっつつみ (じっつつみ)	なんつつみ		
綴り	つづり	Sets of coupons/tickets/vouchers	Semi Common	Formal	ひとつづり	ふたつづり	さんつづり (みつづり)	よんつづり	ごつづり	ろくつづり	ななつづり	はちつづり	きゅうつづり	じゅっつづり (じっつづり)	なんつづり		
坪	つぼ	Tsubo units (about 3.31 square meters)	Semi Common	Formal	ひとつぼ	ふたつぼ	さんつぼ (みつぼ)	よんつぼ	ごつぼ	ろくつぼ	ななつぼ	はっつぼ はちつぼ	きゅうつぼ	じゅっつぼ (じっつぼ)	なんつぼ		
壺	つぼ	Tsubo pots, things in tsubo pots	Semi Common	Daily	ひとつぼ	ふたつぼ	さんつぼ (みつぼ)	よんつぼ	ごつぼ	ろくつぼ	ななつぼ	はっつぼ はちつぼ	きゅうつぼ	じゅっつぼ (じっつぼ)	なんつぼ		
摘み	つまみ	Pinches of something	Semi Common	Daily	ひとつまみ	ふたつまみ	さんつまみ	よんつまみ	ごつまみ	ろくつまみ	ななつまみ	はちつまみ	きゅうつまみ	じゅっつまみ (じっつまみ)	なんつまみ		
手	て	Martial art wazas, shogi moves, card game hands	Semi Common	Daily/Formal	いって	にて ふたて	さんて	よんて	ごて	ろくて	ななて	はって (はちて)	きゅうて	じゅって (じって)	なんて		
艇	てい	Race boats	Semi Common	Formal	いってい	にてい	さんてい	よんてい	ごてい	ろくてい	ななてい (しちてい)	はってい (はちてい)	きゅうてい	じゅってい (じってい)	なんてい		
滴	てき	Drops of liquid	Semi Common	Daily	いってき	にてき	さんてき	よんてき	ごてき	ろくてき	ななてき (しちてき)	はってき (はちてき)	きゅうてき	じゅってき (じってき)	なんてき		
店	てん	Shops, restaurants	Semi Common	Formal	いってん	にてん	さんてん	よんてん	ごてん	ろくてん	ななてん (しちてん)	はってん (はちてん)	きゅうてん	じゅってん (じってん)	なんてん		
店舗	てんぽ	Shops, restaurants	Semi Common	Formal	いってんぽ	にてんぽ	さんてんぽ	よんてんぽ	ごてんぽ	ろくてんぽ	ななてんぽ (しちてんぽ)	はってんぽ (はちてんぽ)	きゅうてんぽ	じゅってんぽ (じってんぽ)	なんてんぽ		
斗	と	To units (about 18.04 liters)	Semi Common	Formal	いっと	にと	さんと	よんと	ごと	ろくと	ななと (しちと)	はっと (はちと)	きゅうと	じゅっと (じっと)	なんと		
灯	とう	Lights, lamps	Semi Common	Formal	いっとう	にとう	さんとう	よんとう	ごとう	ろくとう	ななとう (しちとう)	はっとう (はちとう)	きゅうとう	じゅっとう (じっとう)	なんとう		
投	とう	Pitches (in baseball)	Semi Common	Formal	いっとう	にとう	さんとう	よんとう	ごとう	ろくとう	ななとう (しちとう)	はっとう (はちとう)	きゅうとう	じゅっとう (じっとう)	なんとう		
島	とう	Islands	Semi Common	Formal	いっとう	にとう	さんとう	よんとう	ごとう	ろくとう	ななとう (しちとう)	はっとう (はちとう)	きゅうとう	じゅっとう (じっとう)	なんとう		
盗	とう	Instances of base stealing (in baseball)	Semi Common	Formal	いっとう	にとう	さんとう	よんとう	ごとう	ろくとう	ななとう (しちとう)	はっとう (はちとう)	きゅうとう	じゅっとう (じっとう)	なんとう		
塔	とう	Towers	Semi Common	Formal	いっとう	にとう	さんとう	よんとう	ごとう	ろくとう	ななとう (しちとう)	はっとう はちとう	きゅうとう	じゅっとう (じっとう)	なんとう		
棟	とう/むね	Buildings	Semi Common	Formal	いっとう ひとむね	にとう ふたむね	さんとう さんむね	よんとう よんむね	ごとう ごむね	ろくとう ろくむね	ななとう (しちとう) ななむね	はっとう はちとう はちむね	きゅうとう	じゅっとう (じっとう)	なんとう		
湯	とう/ゆ	Hot springs	Semi Common	Formal	いっとう	にとう	さんとう	よんとう	ごとう	ろくとう	ななとう (しちとう)	はっとう (はちとう)	きゅうとう	じゅっとう (じっとう)	なんとう		
等	とう	Prize numbers, race places	Semi Common	Formal	いっとう	にとう	さんとう	よんとう	ごとう	ろくとう	ななとう (しちとう)	はっとう (はちとう)	きゅうとう	じゅっとう (じっとう)	なんとう		
堂	どう	Chapels, temples, shrines, halls	Semi Common	Formal	いちどう	にどう	さんどう	よんどう	ごどう	ろくどう	ななどう (しちどう)	はちどう	きゅうどう	じゅうどう	なんどう		
通り	とおり	Methods, ways, procedures etc.	Semi Common	Daily	ひととおり	ふたとおり	さんとおり (みとおり)	よんとおり	ごとおり	ろくとおり	ななとおり	はっとおり はちとおり	きゅうとおり	じゅっとおり (じっとおり)	なんとおり		
度数	どすう	Message-rates of telephone cards, power of contact lenses	Semi Common	Formal	いちどすう	にどすう	さんどすう	よんどすう	ごどすう	ろくどすう	ななどすう (しちどすう)	はちどすう	きゅうどすう	じゅうどすう	なんどすう		
鍋	なべ	Nabe pots, nabe dishes	Semi Common	Daily	ひとなべ	ふたなべ	さんなべ	よんなべ	ごなべ	ろくなべ	なななべ	はちなべ	きゅうなべ	じゅうなべ	なんなべ		
男	なん	Sons	Semi Common	Formal	いちなん	じなん	さんなん	よんなん	ごなん	ろくなん	しちなん	はちなん	きゅうなん	じゅうなん	なんなん		
握り	にぎり	Handfuls of things	Semi Common	Daily	ひとにぎり	ふたにぎり	さんにぎり	よんにぎり	ごにぎり	ろくにぎり	ななにぎり	はちにぎり	きゅうにぎり	じゅうにぎり	なんにぎり		
波	は	Waves, tsunamis, ripples	Semi Common	Formal	いっぱ	には	さんぱ	よんは よんぱ	ごは	ろっぱ	ななは (しちは)	はっぱ はちは	きゅうは	じゅっぱ (じっぱ)	なんは		
派	は	Literature groups, schools of poets, factions of political parties, Buddhism sects	Semi Common	Formal	いっぱ	には	さんぱ	よんは よんぱ	ごは	ろっぱ	ななは (しちは)	はっぱ はちは	きゅうは	じゅっぱ (じっぱ)	なんは		
倍	ばい	The number of times something happens	Semi Common	Formal	いちばい	にばい	さんばい	よんばい	ごばい	ろくばい	ななばい (しちばい)	はちばい	きゅうばい	じゅうばい	なんばい		
拍	はく	Musical times, beat times, moras	Semi Common	Formal	いっぱく	にはく	さんぱく	よんはく よんぱく	ごはく	ろっぱく	ななはく (しちはく)	はっぱく はちはく	きゅうはく	じゅっぱく (じっぱく)	なんはく		
刷毛	はけ	Paintbrush strokes	Semi Common	Daily	ひとはけ	ふたはけ	さんはけ	よんはけ (よんぱけ)	ごはけ	ろっぱけ	ななはけ	はっぱけ はちはけ	きゅうはけ	じゅっぱけ (じっぱけ)	なんはけ		
馬身	ばしん	Horse body lengths	Semi Common	Formal	いちばしん	にばしん	さんばしん	よんばしん	ごばしん	ろくばしん	しちばしん ななばしん	はちばしん	きゅうばしん	じゅうばしん	なんばしん		
腹	はら	Sacks of fish roe	Semi Common	Daily	ひとはら	ふたはら	さんはら (みはら)	よんはら	ごはら	ろくはら	ななはら	はちはら	きゅうはら	じゅっぱら (じっぱら)	なんはら		
針	はり	Seams, stitches, sutures	Semi Common	Daily	ひとはり	ふたはり	さんはり (みはり)	よんはり	ごはり	ろくはり	ななはり	はちはり	きゅうはり	じゅっぱり (じっぱり)	なんはり		
張り	はり	Tents, stage curtains, banners, things you stretch out	Semi Common	Formal	ひとはり	ふたはり	さんはり (みはり)	よんはり	ごはり	ろくはり	ななはり	はちはり	きゅうはり	じゅっぱり (じっぱり)	なんはり		
犯	はん	Criminal records	Semi Common	Formal	いっぱん	にはん	さんぱん	よんはん (よんぱん)	ごはん	ろっぱん	ななはん (しちはん)	はちはん (はっぱん)	きゅうはん	じゅっぱん (じっぱん)	なんはん		
判	はん	Paper sizes (A4, A3 etc.)	Semi Common	Formal	いっぱん	にはん	さんぱん	よんはん よんぱん	ごはん	ろっぱん	ななはん (しちはん)	はちはん (はっぱん)	きゅうはん	じゅっぱん (じっぱん)	なんはん なんぱん		
版	はん	Book editions/impressions, printing numbers	Semi Common	Formal	いっぱん	にはん	さんぱん さんばん	よんはん よんばん	ごはん	ろっぱん 	ななはん (しちはん)	はっぱん (はちはん)	きゅうはん	じゅっぱん (じっぱん)	なんはん なんばん		
班	はん	Groups, squads	Semi Common	Daily	いっぱん	にはん	さんはん さんぱん	よんはん (よんぱん)	ごはん	ろっぱん	ななはん (しちはん)	はちはん (はっぱん)	きゅうはん	じゅっぱん (じっぱん)	なんはん なんぱん		
斑	はん	Spots, mottles	Semi Common	Formal	いっぱん	にはん	さんぱん	よんはん (よんぱん)	ごはん	ろっぱん	ななはん (しちはん)	はっぱん (はちはん)	きゅうはん	じゅっぱん (じっぱん)	なんはん		
晩	ばん	Nights	Semi Common	Daily	ひとばん	ふたばん	さんばん (みばん)	よんばん	ごばん	ろくばん	ななばん	はちばん	きゅうばん	じゅうばん	なんばん		
番手	ばんて	Someone's turn in a performance or in sports	Semi Common	Daily	いちばんて	にばんて	さんばんて	よんばんて	ごばんて	ろくばんて	ななばんて (しちばんて)	はちばんて	きゅうばんて	じゅうばんて	なんばんて		
尾	び	Fish	Semi Common	Formal	いちび	にび	さんび	よんび	ごび	ろくび	ななび (しちび)	はちび	きゅうび	じゅうび	なんび		
筆	ひつ	Signatures, messages	Semi Common	Formal	いっぴつ	にひつ	さんひつ さんぴつ	よんひつ (よんぴつ)	ごひつ	ろっぴつ	ななひつ (しちひつ)	はちひつ (はっぴつ)	きゅうひつ	じゅっぴつ (じっぴつ)	なんひつ なんぴつ		
俵	ひょう	Straw bags of rice	Semi Common	Formal	いっぴょう	にひょう	さんひょう さんぴょう	よんひょう (よんぴょう)	ごひょう	ろっぴょう	ななひょう (しちひょう)	はちひょう (はっぴょう)	きゅうひょう	じゅっぴょう (じっぴょう)	なんひょう なんぴょう		
拍子	ひょうし	Musical times, beat times	Semi Common	Formal	いちびょうし	にびょうし	さんびょうし	よんびょうし	ごびょうし	ろくびょうし	ななびょうし (しちびょうし)	はちびょうし	きゅうびょうし	じゅうびょうし	なんびょうし		
瓶	びん	Glass bottles, glass jars	Semi Common	Daily	ひとびん	ふたびん	さんびん	よんびん	ごびん	ろくびん	ななびん (しちびん)	はちびん	きゅうびん	じゅうびん	なんびん		
品目	ひんもく	Items, varieties of dishes, number of ingredients	Semi Common	Formal	いちひんもく	にひんもく	さんひんもく	よんひんもく	ごひんもく	ろくひんもく	ななひんもく (しちひんもく)	はちひんもく	きゅうひんもく	じゅっひんもく (じっひんもく)	なんひんもく		
分	ぶ	One-tenths of something (eg. one degree of body tempreture)	Semi Common	Formal	いちぶ	にぶ	さんぶ	よんぶ (よぶ)	ごぶ	ろくぶ	しちぶ (ななぶ)	はちぶ	きゅうぶ	じゅうぶ	なんぶ		
部	ぶ	Copies of a book, magazine etc.	Semi Common	Formal	いちぶ	にぶ	さんぶ	よんぶ 	ごぶ	ろくぶ	ななぶ (しちぶ)	はちぶ	きゅうぶ	じゅうぶ	なんぶ		
封	ふう	Sealed official letters, money in envelopes (bills)	Semi Common	Formal	いっぷう	にふう	さんぷう	よんふう (よんぷう)	ごふう	ろっぷう	ななふう (しちふう)	はっぷう (はちふう)	きゅうふう	じゅっぷう (じっぷう)	なんふう なんぷう		
服	ふく	Sips of tea, doses of medicine, cigarette puffs	Semi Common	Daily/Formal	いっぷく	にふく	さんぷく	よんふく (よんぷく)	ごふく	ろっぷく	ななふく (しちふく)	はっぷく (はちふく)	きゅうふく	じゅっぷく (じっぷく)	なんふく なんぷく		
房	ふさ	Bunches, fringes	Semi Common	Daily	ひとふさ	ふたふさ	さんふさ (みふさ)	よんふさ	ごふさ	ろくふさ	ななふさ	はちふさ	きゅうふさ	じゅっふさ (じっふさ)	なんふさ		
節	ふし	Tree knots/joints	Semi Common	Formal	ひとふし	ふたふし	さんふし (みふし)	よんふし	ごふし	ろくふし	ななふし	はちふし	きゅうふし	じゅっふし (じっふし)	なんふし		
仏	ぶつ	Buddha, Amitabha, Buddha statues	Semi Common	Formal	いちぶつ	にぶつ	さんぶつ	よんぶつ	ごぶつ	ろくぶつ	しちぶつ (ななぶつ)	はちぶつ	きゅうぶつ	じゅうぶつ	なんぶつ		
筆	ふで	Writing strokes, calligraphy brush strokes	Semi Common	Formal	ひとふで	ふたふで	さんふで (みふで)	よんふで	ごふで	ろくふで	ななふで	はちふで	きゅうふで	じゅっふで (じっふで)	なんふで		
舟	ふね	Boats, boat trays with food	Semi Common	Formal	ひとふね	ふたふね	さんふね (みふね)	よんふね	ごふね	ろくふね	ななふね	はちふね	きゅうふね	じゅっふね (じっふね)	なんふね		
振り	ふり	Swings	Semi Common	Daily	ひとふり	ふたふり	さんふり (みふり)	よんふり	ごふり	ろくふり	ななふり	はちふり	きゅうふり	じゅっふり (じっふり)	なんふり		
文	ぶん	Sentences	Semi Common	Formal	いちぶん	にぶん	さんぶん	よんぶん	ごぶん	ろくぶん	ななぶん (しちぶん)	はちぶん	きゅうぶん	じゅうぶん	なんぶん		
文節	ぶんせつ	Smallest units of words in a sentence	Semi Common	Formal	いちぶんせつ	にぶんせつ	さんぶんせつ	よんぶんせつ	ごぶんせつ	ろくぶんせつ	ななぶんせつ (しちぶんせつ)	はちぶんせつ	きゅうぶんせつ	じゅうぶんせつ	なんぶんせつ		
辺	へん	The sides or edges of something	Semi Common	Formal	いっぺん	にへん	さんぺん	よんへん (よんぺん)	ごへん	ろっぺん	ななへん (しちへん)	はっぺん (はちへん)	きゅうへん	じゅっぺん (じっぺん)	なんへん なんぺん		
遍	へん	Number of times something happens	Semi Common	Formal	いっぺん	にへん	さんべん	よんへん (よんべん)	ごへん	ろっぺん	ななへん (しちへん)	はっぺん	きゅうへん	じゅっぺん (じっぺん)	なんへん なんべん		
編/篇	へん	Poems, pieces of writing	Semi Common	Formal	いっぺん	にへん	さんぺん	よんへん (よんぺん)	ごへん	ろっぺん	ななへん (しちへん)	はっぺん はちへん	きゅうへん	じゅっぺん (じっぺん)	なんへん なんぺん		
弁	べん	Petals still attached to a flower	Semi Common	Formal	いちべん	にべん	さんべん	よんべん	ごべん	ろくべん	ななべん (しちべん)	はちべん	きゅうべん	じゅうべん	なんべん		
包	ほう	Packages of granulated medicine	Semi Common	Formal	いっぽう	にほう	さんぽう (さんほう)	よんほう	ごほう	ろっぽう	ななほう (しちほう)	はっぽう はちほう	きゅうほう	じゅっぽう (じっぽう)	なんほう		
峰	ほう/みね	Steep mountains	Semi Common	Formal	いっぽう ひとみね	にほう ふたみね	さんぽう (さんほう) さんみね	よんほう (よんぽう) よんみね	ごほう ごみね	ろっぽう ろくみね	ななほう (しちほう) ななみね	はっぽう はちほう はちみね	きゅうほう きゅうみね	じゅっぽう (じっぽう) じゅうみね	なんほう なんみね		
報	ほう	News items	Semi Common	Formal	いっぽう	にほう	さんぽう	よんほう	ごほう	ろっぽう	ななほう (しちほう)	はっぽう はちほう	きゅうほう	じゅっぽう (じっぽう)	なんほう なんぽう		
間	ま	Rooms, tatami rooms	Semi Common	Formal	ひとま	ふたま	さんま	よんま	ごま	ろくま	ななま	はちま	きゅうま	じゅうま	なんま		
巻き	まき	Number of times something is wrapped around something else	Semi Common	Daily	ひとまき	ふたまき	さんまき	よんまき	ごまき	ろくまき	ななまき	はちまき	きゅうまき	じゅうまき	なんまき		
幕	まく	Parts of a play	Semi Common	Formal	ひとまく	ふたまく	さんまく	よんまく	ごまく	ろくまく	ななまく	はちまく	きゅうまく	じゅうまく	なんまく		
升/枡	ます	Squares on a manuscript paper, masu cups	Semi Common	Formal	ひとます (いちます)	ふたます (にます)	さんます	よんます	ごます	ろくます	ななます	はちます	きゅうます	じゅうます	なんます		
回り/廻り/周り	まわり	Number of times someone goes around something, circuits, rounds, laps etc.	Semi Common	Daily	ひとまわり	ふたまわり	さんまわり	よんまわり	ごまわり	ろくまわり	ななまわり	はちまわり	きゅうまわり	じゅうまわり	なんまわり		
目	め	Seams, sutures, stitches, meshes	Semi Common	Formal	ひとめ	ふため	さんめ (みめ)	よんめ	ごめ	ろくめ	ななめ	はちめ	きゅうめ	じゅうめ	なんめ		
面	めん	Geometrical surfaces	Semi Common	Formal	いちめん	にめん	さんめん	よんめん (しめん)	ごめん	ろくめん	ななめん (しちめん)	はちめん	きゅうめん (くめん)	じゅうめん	なんめん		
盛/盛り	もり	Piles of things (on a plate, in a basket, in a bowl etc.)	Semi Common	Formal	ひともり	ふたもり	さんもり	よんもり	ごもり	ろくもり	ななもり	はちもり	きゅうもり	じゅうもり	なんもり		
夜	や	Nights	Semi Common	Daily	いちや ひとよ	にや ふたよ	さんや	よんや	ごや	ろくや	ななや (しちや)	はちや	きゅうや	じゅうや	なんや		
山	やま	Mountains, piles of something	Semi Common	Daily	ひとやま	ふたやま	さんやま	よんやま	ごやま	ろくやま	ななやま	はちやま	きゅうやま	じゅうやま	なんやま		
翼	よく	Wings	Semi Common	Formal	いちよく	によく	さんよく	よんよく しよく	ごよく	ろくよく	ななよく (しちよく)	はちよく	きゅうよく	じゅうよく	なんよく		
装い	よそい	Ladles of soup, scoops of a meal	Semi Common	Daily	ひとよそい	ふたよそい	さんよそい	よんよそい	ごよそい	ろくよそい	ななよそい	はちよそい	きゅうよそい	じゅうよそい	なんよそい		
両	りょう	Train cars	Semi Common	Formal	いちりょう	にりょう	さんりょう	よんりょう	ごりょう	ろくりょう	ななりょう しちりょう	はちりょう	きゅうりょう	じゅうりょう	なんりょう		
輪	りん	Circles, rings, hoops, wheels, flowers	Semi Common	Formal	いちりん	にりん	さんりん	よんりん	ごりん	ろくりん	ななりん しちりん	はちりん	きゅうりん	じゅうりん	なんりん		
塁	るい	Baseball bases	Semi Common	Formal	いちるい	にるい	さんるい	よんるい	ごるい	ろくるい	ななるい (しちるい)	はちるい	きゅうるい	じゅうるい	なんるい		
礼	れい	Bows, nods	Semi Common	Formal	いちれい	にれい	さんれい	よんれい	ごれい	ろくれい	ななれい (しちれい)	はちれい	きゅうれい	じゅうれい	なんれい		
嶺	れい/りょう	Series of mountain peaks, mountain ranges	Semi Common	Formal	いちれい いちりょう	にれい 　にりょう	さんれい さんりょう	よんれい よんりょう	ごれい ごりょう	ろくれい ろくりょう	ななれい (しちれい) ななりょう (しちりょう)	はちれい はちりょう	きゅうれい きゅうりょう	じゅうれい じゅうりょう	なんれい なんりょう		
列	れつ	Lines of people, queues, army files, rows of seats	Semi Common	Daily	いちれつ	にれつ	さんれつ	よんれつ	ごれつ	ろくれつ	ななれつ (しちれつ)	はちれつ	きゅうれつ	じゅうれつ	なんれつ		
連	れん	Pearl necklaces, juzu prayer beads, dried konbu, katsuobushi etc.	Semi Common	Formal	いちれん	にれん	さんれん	よんれん	ごれん	ろくれん	ななれん (しちれん)	はちれん	きゅうれん	じゅうれん	なんれん		
浪	ろう	Years of entrance exam preparation after failing	Semi Common	Formal	いちろう	にろう	さんろう	よんろう	ごろう	ろくろう	ななろう (しちろう)	はちろう	きゅうろう	じゅうろう	なんろう		
路線	ろせん	Train lines, bus routes	Semi Common	Formal	いちろせん	にろせん	さんろせん	よんろせん	ごろせん	ろくろせん	ななろせん (しちろせん)	はちろせん	きゅうろせん	じゅうろせん	なんろせん		
把	わ	Bunches	Semi Common	Formal	いちわ	にわ	さんわ	よんわ	ごわ	ろくわ	ななわ (しちわ)	はちわ	きゅうわ	じゅうわ	なんわ		
枠	わく	Frames, positions	Semi Common	Formal	ひとわく	ふたわく	さんわく	よんわく	ごわく	ろくわく	ななわく	はちわく	きゅうわく	じゅうわく	なんわく		
枠	わく	Horse race gates	Semi Common	Formal	いちわく	にわく	さんわく	よんわく	ごわく	ろくわく	ななわく	はちわく	きゅうわく	じゅうわく	なんわく		
椀	わん	Bowls of soup/rice	Semi Common	Formal	ひとわん	ふたわん	さんわん	よんわん	ごわん	ろくわん	ななわん	はちわん	きゅうわん	じゅうわん	なんわん		
握	あく	Handfuls of something	Rare But Interesting	Formal	いちあく	にあく	さんあく	よんあく	ごあく	ろくあく	ななあく (しちあく)	はちあく	きゅうあく	じゅうあく	なんあく		
重	え	Layers	Rare But Interesting	Formal	ひとえ	ふたえ	みえ	よえ	いつえ	むえ	ななえ	やえ	きゅうえ	とえ	いくえ		
重ね	かさね	Layers	Rare But Interesting	Formal	ひとかさね	ふたかさね	みかさね	よんかさね よかさね	ごかさね	ろっかさね ろくかさね	ななかさね	はっかさね はちかさね	きゅうかさね	じゅっかさね じゅうかさね	なんかさね		
果	か	Fruit	Rare But Interesting	Formal	いっか	にか	さんか	よんか	ごか	ろっか	ななか (しちか)	はっか はちか	きゅうか	じゅっか (じっか)	なんか		
角	かく	Horns, antlers, official documents	Rare But Interesting	Formal	いっかく	にかく	さんかく	よんかく	ごかく	ろっかく	ななかく (しちかく)	はっかく はちかく	きゅうかく	じゅっかく (じっかく)	なんかく		
騎	き	Warriors on horses, horses	Rare But Interesting	Formal	いっき	にき	さんき	よんき	ごき	ろっき	ななき (しちき)	はっき はちき	きゅうき	じゅっき (じっき)	なんき		
掬	きく	Handfuls of liquid	Rare But Interesting	Formal	いっきく	にきく	さんきく	よんきく	ごきく	ろっきく	ななきく (しちきく)	はっきく はちきく	きゅうきく	じゅっきく (じっきく)	なんきく		
橋	きょう	Bridges, rainbows	Rare But Interesting	Formal	いっきょう	にきょう	さんきょう	よんきょう	ごきょう	ろっきょう	ななきょう (しちきょう)	はっきょう はちきょう	きゅうきょう	じゅっきょう (じっきょう)	なんきょう		
雫	しずく	Drops of liquid	Rare But Interesting	Formal	ひとしずく	ふたしずく	さんしずく	よんしずく	ごしずく	ろくしずく	ななしずく	はちしずく (はっしずく)	きゅうしずく	じゅしずく (じっしずく)	なんしずく		
帖	じょう	Photo albums, notebooks, sets of ten pieces of nori seaweed, Japanese manuscript papers	Rare But Interesting	Formal	いちじょう	にじょう	さんじょう	よんじょう	ごじょう	ろくじょう	ななじょう (しちじょう)	はちじょう	きゅうじょう	じゅうじょう	なんじょう		
石	せき	Stones, pebbles, small rocks	Rare But Interesting	Formal	いっせき	にせき	さんせき	よんせき	ごせき	ろっせき ろくせき	ななせき (しちせき)	はっせき はちせき	きゅうせき	じゅっせき (じっせき)	なんせき		
年/歳	とせ	Years, ages	Rare But Interesting	Formal	ひととせ	ふたとせ	みとせ	よとせ (よんとせ)	いつとせ	むとせ	ななとせ	はちとせ	ここのとせ	とをとせ	いくとせ		
流れ	ながれ	Flags, banners, streamers, floats, rivers, streams, futon mattresses	Rare But Interesting	Formal	ひとながれ	ふたながれ	みながれ	(よんながれ)	(いつながれ) (ごながれ)	(むつながれ) (ろくながれ)	（ななながれ) (しちながれ)	(やつながれ) (はちながれ)	(ここのながれ) (きゅうながれ)	(とおながれ) (じゅうながれ)	なんながれ		
片/枚	ひら	Petals, confetti, snow flakes	Rare But Interesting	Formal	ひとひら	ふたひら	さんひら	よんひら	ごひら	ろくひら	ななひら	はちひら	きゅうひら	じゅっひら (じっひら)	なんひら		
口	ふり	Swords, katana swords, knives etc.	Rare But Interesting	Formal	ひとふり	ふたふり	さんふり みふり	よんふり	ごふり	ろくふり	ななふり	はちふり	きゅうふり	じゅっふり (じっふり)	なんふり		
 瓶	へい	Earthenware pots/jars/vases holding flowers	Rare But Interesting	Formal	いっぺい	にへい	さんへい	よんへい	ごへい	ろくへい	ななへい (しちへい)	はちへい	きゅうへい	じゅっへい (じっへい)	なんへい		
 瓶	かめ	Earthenware pots/jars/vases holding food	Rare But Interesting	Formal	ひとかめ	ふたかめ	みかめ みつかめ	よんかめ よつかめ	ごかめ	ろっかめ	ななかめ	はっかめ はちかめ (やつかめ)	きゅうかめ	じゅっかめ (じっかめ)	なんかめ		
別	べつ	Separations, partings, good-byes	Rare But Interesting	Formal	いちべつ	にべつ	さんべつ	よんべつ	ごべつ	ろくべつ	ななべつ (しちべつ)	はちべつ	くべつ	じゅうべつ	なんべつ		
片	へん	Petals, pieces of paper, pieces of broken glass, imperfect pieces	Rare But Interesting	Formal	いっぺん	にへん	さんぺん	しへん よんへん	ごへん	ろっぺん	しちへん ななへん	はっぺん	きゅうへん	じゅっぺん (じっぺん)	なんへん		
舗	ほ	Folding maps, folding documents	Rare But Interesting	Formal	いっぽ	にほ	さんぽ	よんほ よんぽ	ごほ	ろっぽ	ななほ (しちほ)	はちほ	きゅうほ	じゅっぽ (じっぽ)	なんほ		
門	もん	Kadomatsu, tower gates, cannons, artilleries, bazookas	Rare But Interesting	Formal	いちもん	にもん	さんもん	よんもん	ごもん	ろくもん	ななもん (しちもん)	はちもん	きゅうもん	じゅうもん	なんもん		
葉	よう	Leaves, postcards, bookmarks, photographs	Rare But Interesting	Formal	いちよう	によう	さんよう	よんよう	ごよう	ろくよう	ななよう (しちよう)	はちよう	きゅうよう	じゅうよう	なんよう		
旒/流	りゅう	Flags, banners, floats, streamers, battle flags	Rare But Interesting	Formal	いちりゅう	にりゅう	さんりゅう	よんりゅう	ごりゅう	ろくりゅう	ななりゅう (しちりゅう)	はちりゅう	きゅうりゅう	じゅうりゅう	なんりゅう		
鱗	りん	Fish scales, fish	Rare But Interesting	Formal	いちりん	にりん	さんりん	よんりん (よりん)	ごりん	ろくりん	ななりん (しちりん)	はちりん	きゅうりん	じゅうりん	なんりん		
アイテム	あいてむ	Items	New Gairaigo Counters	Daily	いちあいてむ わんあいてむ	にあいてむ つーあいてむ	さんあいてむ すりーあいてむ	よんあいてむ (ふぉーあいてむ)	ごあいてむ (ふぁいぶあいてむ)	ろくあいてむ (しっくすあいてむ)	ななあいてむ (せぶんあいてむ)	はちあいてむ (えいとあいてむ)	きゅうあいてむ (ないんあいてむ)	じゅうあいてむ (てんあいてむ)	なんあいてむ		
アクセス	あくせす	Access permissions	New Gairaigo Counters	Formal	いちあくせす (わんあくせす)	にあくせすす (つーあくせす)	さんあくせすす (すりーあくせす)	よんあくせす (ふぉーあくせす)	ごあくせす (ふぁいぶあくせす)	ろくあくせす (しっくすあくせす)	ななあくせす (せぶんあくせす)	はちあくせす (えいとあくせす)	きゅうあくせす (ないんあくせす)	じゅうあくせす (てんあくせす)	なんあくせす		
イニング	いにんぐ	Innings	New Gairaigo Counters	Formal	わんいにんぐ (いちいにんぐ)	つーいにんぐ (にいにんぐ)	すりーいにんぐ (さんいにんぐ)	ふぉーいにんぐ (よんいにんぐ)	ふぁいぶいにんぐ (ごいにんぐ)	しっくすいにんぐ (ろくいにんぐ)	せぶんいにんぐ (なないにんぐ)	えいといにんぐ (はちいにんぐ)	ないんいにんぐ (きゅういにんぐ)	てんいにんぐ (じゅういにんぐ)	なんいにんぐ		
インチ	いんち	Inches	New Gairaigo Counters	Formal	いちいんち	にいんち	さんいんち	よんいんち	ごいんち	ろくいんち	なないんち	はちいんち	きゅういんち	じゅういんち	なんいんち		
エーカー	えーかー	Acres	New Gairaigo Counters	Formal	いちえーかー	にえーかー	さんえーかー	よんえーかー	ごえーかー	ろくえーかー	ななえーかー	はちえーかー	きゅうえーかー	じゅうえーかー	なんえーかー		
オンス	おんす	Ounces	New Gairaigo Counters	Formal	いちおんす	におんす	さんおんす	よんおんす	ごおんす	ろくおんす	ななおんす	はちおんす	きゅうおんす	じゅうおんす	なんおんす		
カートン	かーとん	Cartons	New Gairaigo Counters	Daily	わんかーとん (いちかーとん) (いっかーとん)	つーかーとん (にかーとん)	すりーかーとん (さんかーとん)	よんかーとん (ふぉーかーとん)	ごかーとん (ふぁいぶかーとん)	ろくかーとん ろっかーとん (しっくすかーとん)	ななかーとん (せぶんかーとん)	はちかーとん はっかーとん (えいとかーとん)	きゅうかーとん (ないんかーとん)	じゅっかーとん (じっかーとん) (てんかーとん)	なんかーとん		
カット	かっと	Slices, pieces cut	New Gairaigo Counters	Daily	わんかっと いちかっと いっかっと ひとかっと	つーかっと にかっと ふたかっと	さんかっと (すりーかっと)	よんかっと (ふぉーかっと)	ごかっと (ふぁいぶかっと)	ろくかっと ろっかっと (しっくすかっと)	ななかっと (せぶんかっと)	はちかっと はっかっと (えいとかっと)	きゅうかっと (ないんかっと)	じゅっかっと (じっかっと) (てんかっと)	なんかっと		
カップ	かっぷ	Cups	New Gairaigo Counters	Daily	わんかっぷ いちかっぷ いっかっぷ ひとかっぷ	つーかっぷ にかっぷ ふたかっぷ	さんかっぷ (すりーかっぷ)	よんかっぷ (ふぉーかっぷ)	ごかっぷ (ふぁいぶかっぷ)	ろくかっぷ ろっかっぷ (しっくすかっぷ)	ななかっぷ (せぶんかっぷ)	はちかっぷ はっかっぷ (えいとかっぷ)	きゅうかっぷ (ないんかっぷ)	じゅっかっぷ (じっかっぷ) (てんかっぷ)	なんかっぷ		
カラー	からー	Colors	New Gairaigo Counters	Formal	わんからー (いちからー) (いっからー)	つーからー (にからー)	さんからー (すりーからー)	よんからー (ふぉーからー)	ごからー (ふぁいぶからー)	ろくからー ろっからー (しっくすからー)	ななからー (せぶんからー)	はちからー はっからー (えいとからー)	きゅうからー (ないんからー)	じゅっからー (じっからー) (てんからー)	なんからー		
カラット	からっと	Carats	New Gairaigo Counters	Formal	いちからっと いっからっと (わんからっと)	にからっと (つーからっと)	さんからっと (すりーからっと)	よんからっと (ふぉーからっと)	ごからっと (ふぁいぶからっと)	ろくからっと ろっからとお (しっくすからっと)	ななからっと (せぶんからっと)	はちからっと はっからっと (えいとからっと)	きゅうからっと (ないんからっと)	じゅっからっと (じっからっと) (てんからっと)	なんからっと		
ガロン	がろん	Gallons	New Gairaigo Counters	Formal	いちがろん	にがろん	さんがろん	よんがろん	ごがろん	ろくがろん	なながろん	はちがろん	きゅうがろん	じゅうがろん	なんがろん		
キロ/キログラム	きろ/きろぐらむ	Kilograms	New Gairaigo Counters	Formal	いちきろ(ぐらむ) いっきろ(ぐらむ)	にきろ(ぐらむ)	さんきろ(ぐらむ)	よんきろ(ぐらむ)	ごきろ(ぐらむ)	ろっきろ(ぐらむ)	ななきろ(ぐらむ)	はちきろ(ぐらむ) はっきろ(ぐらむ)	きゅうきろ(ぐらむ)	じゅっきろ(ぐらむ) (じっきろ(ぐらむ))	なんきろ(ぐらむ)		
キロ/キロメートル	きろ/きろめーとる	Kilometers	New Gairaigo Counters	Formal	いちきろ(めーとる) いっきろ(めーとる)	にきろ(めーとる)	さんきろ(めーとる)	よんきろ(めーとる)	ごきろ(めーとる)	ろっきろ(めーとる)	ななきろ(めーとる)	はちきろ(めーとる) はっきろ(めーとる)	きゅうきろ(めーとる)	じゅっきろ(めーとる) (じっきろ(めーとる))	なんきろ(めーとる)		
クール	くーる	Courses (of medical treatment)	New Gairaigo Counters	Formal	いちくーる (いっくーる) わんくーる	にくーる つーくーる	さんくーる (すりーくーる)	よんくーる (ふぉーくーる)	ごくーる (ふぁいぶくーる)	ろっくーる (ろくくーる) (しっくすくーる)	ななくーる (せぶんくーる)	はちくーる はっくーる (えいとくーる)	きゅうくーる (ないんくーる)	じゅっくーる (じっくーる) (てんくーる)	なんくーる		
クラス	くらす	Classes	New Gairaigo Counters	Formal	いちくらす いっくらす ひとくらす わんくらす	にくらす ふたくらす つーくらす	さんくらす (すりーくらす)	よんくらす (ふぉーくらす)	ごくらす (ふぁいぶくらす)	ろっくらす (ろくくらす) (しっくすくらす)	ななくらす (せぶんくらす)	はちくらす はっくらす (えいとくらす)	きゅうくらす (ないんくらす)	じゅっくらす (じっくらす) (てんくらす)	なんくらす		
グラム	ぐらむ	Grams	New Gairaigo Counters	Formal	いちぐらむ	にぐらむ	さんぐらむ	よんぐらむ	ごぐらむ	ろくぐらむ	ななぐらむ	はちぐらむ	きゅうぐらむ	じゅうぐらむ	なんぐらむ		
グループ	ぐるーぷ	Groups	New Gairaigo Counters	Daily	ひとぐるーぷ いちぐるーぷ わんぐるーぷ	ふたぐるーぷ にぐるーぷ つーぐるーぷ	さんぐるーぷ (すりーぐるーぷ)	よんぐるーぷ (ふぉーぐるーぷ)	ごぐるーぷ (ふぁいぶぐるーぷ)	ろくぐるーぷ (しっくすぐるーぷ)	ななぐるーぷ (せぶんぐるーぷ)	はちぐるーぷ (えいとぐるーぷ)	きゅうぐるーぷ (ないんぐるーぷ)	じゅうぐるーぷ (てんぐるーぷ)	なんぐるーぷ		
ゲーム	げーむ	Games	New Gairaigo Counters	Daily/Formal	いちげーむ わんげーむ (ひとげーむ)	にげーむ つーげーむ (ふたげーむ)	さんげーむ (すりーげーむ)	よんげーむ (ふぉーげーむ)	ごげーむ (ふぁいぶげーむ)	ろくげーむ (しっくすげーむ)	ななげーむ (せぶんげーむ)	はちげーむ (えいとげーむ)	きゅうげーむ (ないんげーむ)	じゅうげーむ (てんげーむ)	なんげーむ		
ゴール	ごーる	Goals	New Gairaigo Counters	Formal	わんごーる (いちごーる)	つーごーる (にごーる)	すりーごーる (さんごーる)	よんごーる ふぉーごーる	ごごーる ふぁいぶごーる	ろくごーる しっくすごーる	ななごーる せぶんごーる	はちごーる えいとごーる	きゅうごーる ないんごーる	じゅうごーる てんごーる	なんごーる		
シーン	しーん	Scenes	New Gairaigo Counters	Formal	いっしーん わんしーん	にしーん (つーしーん)	さんしーん (すりーしーん)	よんしーん (ふぉーしーん)	ごしーん (ふぁいぶしーん)	ろくしーん (しっくすしーん)	ななしーん (せぶんしーん)	はっしーん はちしーん (えいとしーん)	きゅうしーん (ないんしーん)	じゅっしーん (じっしーん) (てんしーん)	なんしーん		
ステップ	すてっぷ	Steps	New Gairaigo Counters	Formal	わんすてっぷ (いちすてっぷ)	つーすてっぷ (にすてっぷ)	すりーすてっぷ さんすてっぷ	よんすてっぷ (ふぉーすてっぷ)	ごすてっぷ (ふぁいぶすてっぷ)	ろくすてっぷ (しっくすすてっぷ)	ななすてっぷ (せぶんすてっぷ)	はちすてっぷ (えいとすてっぷ)	きゅうすてっぷ (ないんすてっぷ)	じゅっすてっぷ (じっすてっぷ) (てんすてっぷ)	なんすてっぷ		
セット	せっと	Sets	New Gairaigo Counters	Daily	いっせっと ひとせっと わんせっと	にせっと ふたせっと つーせっと	さんせっと (すりーせっと)	よんせっと (ふぉーせっと)	ごせっと (ふぁいぶせっと)	ろくせっと (しっくすせっと)	ななせっと (せぶんせっと)	はちせっと はっせっと (えいとせっと)	きゅうせっと (ないんせっと)	じゅっせっと (じっせっと) (てんせっと)	なんせっと		
センチ/センチメートル	せんち/せんちめーとる	Centimeters	New Gairaigo Counters	Formal	いっせんち(めーとる)	にせんち(めーとる)	さんせんち(めーとる)	よんせんち(めーとる)	ごせんち(めーとる)	ろくせんち(めーとる)	ななせんち(めーとる)	はちせんち(めーとる) はっせんち(めーとる)	きゅうせんち(めーとる)	じゅっせんち(めーとる) (じっせんち(めーとる))	なんせんち(めーとる)		
ダース	だーす	Dozens	New Gairaigo Counters	Formal	いちだーす	にだーす	さんだーす	よんだーす	ごだーす	ろくだーす	ななだーす	はちだーす	きゅうだーす	じゅうだーす	なんだーす		
タイプ	たいぷ	Types	New Gairaigo Counters	Daily	いちたいぷ (いったいぷ) (わんたいぷ)	にたいぷ (つーたいぷ)	さんたいぷ (すりーたいぷ)	よんたいぷ (ふぉーたいぷ)	ごたいぷ (ふぁいぶたいぷ)	ろくたいぷ (しっくすたいぷ)	ななたいぷ (せぶんたいぷ)	はちたいぷ (はったいぷ) (えいとたいぷ)	きゅうたいぷ (ないんたいぷ)	じゅったいぷ (じったいぷ) (てんたいぷ)	なんたいぷ		
チーム	ちーむ	Teams	New Gairaigo Counters	Daily	いっちーむ ひとちーむ (わんちーむ)	にちーむ ふたちーむ (つーちーむ)	さんちーむ (すりーちーむ)	よんちーむ (ふぉーちーむ)	ごちーむ (ふぁいぶちーむ)	ろくちーむ ろっちーむ (しっくすちーむ)	ななちーむ (せぶんちーむ)	はちちーむ はっちーむ (えいとちーむ)	きゅうちーむ (ないんちーむ)	じゅっちーむ (じっちーむ) (てんちーむ)	なんちーむ		
チャンス	ちゃんす	Chances	New Gairaigo Counters	Daily	わんちゃんす わんちゃん いっちゃんす	つーちゃんす にちゃんす	すりーちゃんす さんちゃんす	よんちゃんす (ふぉーちゃんす)	ごちゃんす (ふぁいぶちゃんす)	ろくちゃんす (しっくすちゃんす)	ななちゃんす (せぶんちゃんす)	はっちゃんす (えいとちゃんす)	きゅうちゃんす (ないんちゃんす)	じゅっちゃんす (じっちゃんす) (てんちゃんす)	なんちゃんす		
デニール	でにーる	Deniers	New Gairaigo Counters	Formal	いちでにーる	にでにーる	さんでにーる	よんでにーる	ごでにーる	ろくでにーる	ななでにーる	はちでにーる	きゅうでにーる	じゅうでにーる	なんでにーる		
ドル	どる	Dollars	New Gairaigo Counters	Formal	いちどる	にどる	さんどる	よんどる	ごどる	ろくどる	ななどる	はちどる	きゅうどる	じゅうどる	なんどる		
トン	とん	Tons	New Gairaigo Counters	Formal	いっとん	にとん	さんとん	よんとん	ごとん	ろくとん	ななとん	はちとん はっとん	きゅうとん	じゅっとん (じっとん)	なんとん		
ネット	ねっと	Nets	New Gairaigo Counters	Formal	ひとねっと わんねっと	ふたねっと つーねっと	さんねっと (すりーねっと)	よんねっと (ふぉーねっと)	ごねっと (ふぁいぶねっと)	ろくねっと (しっくすねっと)	ななねっと (せぶんねっと)	はちねっと (えいとねっと)	きゅうねっと (ないんねっと)	じゅうねっと (てんねっと)	なんねっと		
パターン	ぱたーん	Patterns	New Gairaigo Counters	Daily	いちぱたーん いっぱたーん ひとぱたーん わんぱたーん	にぱたーん ふたぱたーん つーぱたーん	さんぱたーん (すりーぱたーん)	よんぱたーん (ふぉーぱたーん)	ごぱたーん (ふぁいぶぱたーん)	ろくぱたーん (しっくすぱたーん)	ななぱたーん (せぶんぱたーん)	はちぱたーん (えいとぱたーん)	きゅうぱたーん (ないんぱたーん)	じゅっぱたーん (じっぱたーん) (てんぱたーん)	なんぱたーん		
バイト	ばいと	Bytes	New Gairaigo Counters	Formal	いちばいと	にばいと	さんばいと	よんばいと	ごばいと	ろくばいと	ななばいと	はちばいと	きゅうばいと	じゅうばいと	なんばいと		
パック	ぱっく	Packs	New Gairaigo Counters	Daily	いちぱっく いっぱっく ひとぱっく わんぱっく	にぱっく ふたぱっく つーぱっく	さんぱっく (すりーぱっく)	よんぱっく (ふぉーぱっく)	ごぱっく (ふぁいぶぱっく)	ろくぱっく ろっぱっく (しっくすぱっく)	ななぱっく (せぶんぱっく)	はちぱっく はっぱっく (えいとぱっく)	きゅうぱっく (ないんぱっく)	じゅっぱっく (じっぱっく) (てんぱっく)	なんぱっく		
ハロン	はろん	Furlongs	New Gairaigo Counters	Formal	いちはろん	にはろん	さんはろん	よんはろん	ごはろん	ろくはろん	ななはろん	はちはろん	きゅうはろん	じゅっはろん (じっはろん)	なんはろん		
ピース	ぴーす	Pieces	New Gairaigo Counters	Daily	いちぴーす （いっぴーす） わんぴーす	にぴーす つーぴーす	さんぴーす すりーぴーす	よんぴーす (ふぉーぴーす)	ごぴーす (ふぁいぶぴーす)	ろくぴーす ろっぴーす (しっくすぴーす)	ななぴーす (せぶんぴーす)	はちぴーす はっぴーす (えいとぴーす)	きゅうぴーす (ないんぴーす)	じゅっぴーす (じっぴーす) (てんぴーす)	なんぴーす		
ピクセル	ぴくせる	Pixels	New Gairaigo Counters	Formal	いちぴくせる	にぴくせる	さんぴくせる	よんぴくせる	ごぴくせる	ろくぴくせる	ななぴくせる	はちぴくせる	きゅうぴくせる	じゅっぴくせる (じっぴくせる)	なんぴくせる		
ヒット	ひっと	Hits	New Gairaigo Counters	Daily/Formal	わんひっと (いちひっと)	つーひっと (にひっと)	すりーひっと さんひっと	よんひっと (ふぉーひっと)	ごひっと (ふぁいぶひっと)	ろくひっと (しっくすひっと)	ななひっと (せぶんひっと)	はちひっと (えいとひっと)	きゅうひっと (ないんひっと)	じゅっひっと (じっひっと) てんひっと	なんひっと		
ビット	びっと	Bits	New Gairaigo Counters	Formal	いちびっと わんびっと	にびっと つーびっと	さんびっと すりーびっと	よんびっと (ふぉーびっと)	ごびっと (ふぁいぶびっと)	ろくびっと (しっくすびっと)	ななびっと (せぶんびっと)	はちびっと (えいとびっと)	きゅうびっと (ないんびっと)	じゅうびっと (てんびっと)	なんびっと		
フィート	ふぃーと	Feet	New Gairaigo Counters	Formal	いちふぃーと	にふぃーと	さんふぃーと	よんふぃーと	ごふぃーと	ろくふぃーと	ななふぃーと	はちふぃーと	きゅうふぃーと	じゅっふぃーと (じっふぃーと)	なんふぃーと		
プラン	ぷらん	Plans	New Gairaigo Counters	Daily	いちぷらん いっぷらん ひとぷらん わんぷらん	にぷらん ふたぷらん つーぷらん	さんぷらん すりーぷらん	よんぷらん (ふぉーぷらん)	ごぷらん (ふぁいぶぷらん)	ろくぷらん ろっぷらん (しっくすぷらん)	ななぷらん (せぶんぷらん)	はちぷらん はっぷらん (えいとぷらん)	きゅうぷらん (ないんぷらん)	じゅっぷらん (じっぷらん) (てんぷらん)	なんぷらん		
ページ/頁	ぺーじ	Pages	New Gairaigo Counters	Daily	いちぺーじ いっぺーじ	にぺーじ	さんぺーじ	よんぺーじ	ごぺーじ	ろくぺーじ ろっぺーじ	ななぺーじ	はちぺーじ はっぺーじ	きゅうぺーじ	じゅっぺーじ (じっぺーじ)	なんぺーじ		
ベース	べーす	Bases	New Gairaigo Counters	Formal	わんべーす (いちべーす)	つーべーす (にべーす)	すりーべーす (さんべーす)	よんべーす	ごべーす	ろくべーす	ななべーす	はちべーす	きゅうべーす	じゅうべーす	なんべーす		
ヘクタール	へくたーる	Hectares	New Gairaigo Counters	Formal	いちへくたーる	にへくたーる	さんへくたーる	よんへくたーる	ごへくたーる	ろくへくたーる	ななへくたーる	はちへくたーる	きゅうへくたーる	じゅうへくたーる じゅっへくたーる (じっへくたーる)	なんへくたーる		
ポイント	ぽいんと	Points	New Gairaigo Counters	Daily/Formal	いちぽいんと いっぽいんと わんぽいんと	にぽいんと つーぽいんと	さんぽいんと すりーぽいんと	よんぽいんと (ふぉーぽいんと)	ごぽいんと (ふぁいぶぽいんと)	ろくぽいんと ろっぽいんと (しっくすぽいんと)	ななぽいんと (せぶんぽいんと)	はちぽいんと はっぽいんと (えいとぽいんと)	きゅうぽいんと (ないんぽいんと)	じゅっぽいんと (じっぽいんと) (てんぽいんと)	なんぽいんと		
ポンド	ぽんど	Pounds	New Gairaigo Counters	Formal	いちぽんど	にぽんど	さんぽんど	よんぽんど	ごぽんど	ろくぽんど (ろっぽんど)	ななぽんど	はちぽんど (はっぽんど)	きゅうぽんど	じゅっぽんど (じっぽんど)	なんぽんど		
マイル	まいる	Miles	New Gairaigo Counters	Formal	いちまいる	にまいる	さんまいる	よんまいる	ごまいる	ろくまいる	ななまいる	はちまいる	きゅうまいる	じゅうまいる	なんまいる		
メートル	めーとる	Meters	New Gairaigo Counters	Formal	いちめーとる	にめーとる	さんめーとる	よんめーとる	ごめーとる	ろくめーとる	ななめーとる	はちめーとる	きゅうめーとる	じゅうめーとる	なんめーとる		
ヤード	やーど	Yards	New Gairaigo Counters	Formal	いちやーど	にやーど	さんやーど	よんやーど	ごやーど	ろくやーど	ななやーど	はちやーど	きゅうやーど	じゅうやーど	なんやーど		
ユニット	ゆにっと	Units	New Gairaigo Counters	Formal	わんゆにっと (いちゆにっと)	つーゆにっと (にゆにっと)	すりーゆにっと (さんゆにっと)	よんゆにっと (ふぉーゆにっと)	ごゆにっと (ふぁいぶゆにっと)	ろくゆにっと (しっくすゆにっと)	ななゆにっと (せぶんゆにっと)	はちゆにっと (えいとゆにっと)	きゅうゆにっと (ないんゆにっと)	じゅうゆにっと (てんゆにっと)	なんゆにっと		
ラウンド	らうんど	Rounds	New Gairaigo Counters	Daily/Formal	いちらうんど わんらうんど	にらうんど つーらうんど	さんらうんど すりーらうんど	よんらうんど ふぉーらうんど	ごらうんど ふぁいぶらうんど	ろくらうんど しっくすらうんど	なならうんど せぶんらうんど	はちらうんど えいとらうんど	きゅうらうんど ないんらうんど	じゅうらうんど てんらうんど	なんらうんど		
リットル	りっとる	Liters	New Gairaigo Counters	Formal	いちりっとる	にりっとる	さんりっとる	よんりっとる	ごりっとる	ろくりっとる	ななりっとる	はちりっとる	きゅうりっとる	じゅうりっとる	なんりっとる		
ルーム	るーむ	Rooms	New Gairaigo Counters	Formal	わんるーむ	つーるーむ	すりーるーむ (さんるーむ)	ふぉーるーむ (よんるーむ)	ふぁいぶるーむ (ごるーむ)	しっくするーむ (ろくるーむ)	せぶんるーむ (ななるーむ)	えいとるーむ (はちるーむ)	ないんるーむ (きゅうるーむ)	てんるーむ (じゅうるーむ)	なんるーむ		
レース	れーす	Races	New Gairaigo Counters	Formal	いちれーす	にれーす	さんれーす	よんれーす	ごれーす	ろくれーす	ななれーす	はちれーす	きゅうれーす	じゅうれーす	なんれーす		
ロール	ろーる	Rolls	New Gairaigo Counters	Daily	いちろーる わんろーる	にろーる つーろーる	さんろーる すりーろーる	よんろーる (ふぉーろーる)	ごろーる (ふぁいぶろーる)	ろくろーる (しっくすろーる)	ななろーる (せぶんろーる)	はちろーる (えいとろーる)	きゅうろーる (ないんろーる)	じゅうろーる (てんろーる)	なんろーる		
ワード	わーど	Words	New Gairaigo Counters	Formal	いちわーど わんわーど	にわーど つーわーど	さんわーど すりーわーど	よんわーど (ふぉーわーど)	ごわーど (ふぁいぶわーど)	ろくわーど (しっくすわーど)	ななわーど (せぶんわーど)	はちわーど (えいとわーど)	きゅうわーど (ないんわーど)	じゅうわーど (てんわーど)	なんわーど		